LKFN,NASDAQ
RYAAY,NASDAQ
MTLS,NASDAQ
EVH,NYSE
GSAT,NYSE
VKTX,NASDAQ
SHW,NYSE
NXPI,NASDAQ
CATY,NASDAQ
IJS,NYSEARCA
VEC,NYSE
LVHD,NASDAQ
FRO,NYSE
FOR,NYSE
HAL,NYSE
OKTA,NASDAQ
FFA,NYSE
HRTG,NYSE
JLS,NYSE
MUJ,NYSE
ATRA,NASDAQ
CEA,NYSE
PCY,NYSEARCA
MUC,NYSE
PHT,NYSE
BX,NYSE
BSCM,NYSEARCA
CASH,NASDAQ
TREE,NASDAQ
SCHH,NYSEARCA
DVYE,NYSEARCA
FPI,NYSE
RPV,NYSEARCA
ORCL,NYSE
WLL,NYSE
FPE,NYSEARCA
FLOT,CBOE
FXI,NYSEARCA
ABTX,NASDAQ
STOR,NYSE
UIHC,NASDAQ
SPXU,NYSEARCA
CNC,NYSE
BSV,NYSEARCA
FULT,NASDAQ
HR,NYSE
CRNT,NASDAQ
MEIP,NASDAQ
ROIC,NASDAQ
DTE,NYSE
CYD,NYSE
TEI,NYSE
PRAA,NASDAQ
LPSN,NASDAQ
VLGEA,NASDAQ
EVF,NYSE
SFM,NASDAQ
WING,NASDAQ
PCG,NYSE
PK,NYSE
RBC,NYSE
LABU,NYSEARCA
CHMI,NYSE
INGN,NASDAQ
TEDU,NASDAQ
OPTN,NASDAQ
CVLT,NASDAQ
CLSN,NASDAQ
VRTU,NASDAQ
DGS,NYSEARCA
AEHR,NASDAQ
EEX,NYSE
PEB,NYSE
SSTK,NYSE
VNOM,NASDAQ
MHLD,NASDAQ
QUAD,NYSE
BYFC,NASDAQ
PAGP,NYSE
AMC,NYSE
ARD,NYSE
HLT,NYSE
LBC,NASDAQ
AB,NYSE
NEP,NYSE
VUG,NYSEARCA
XSLV,NYSEARCA
CBSHP,NASDAQ
BFIN,NASDAQ
R,NYSE
JBSS,NASDAQ
BLD,NYSE
CBL,NYSE
AMP,NYSE
NAD,NYSE
BELFB,NASDAQ
KELYA,NASDAQ
QGEN,NYSE
DON,NYSEARCA
WHD,NYSE
MCD,NYSE
KNSL,NASDAQ
GABC,NASDAQ
MPW,NYSE
PBFX,NYSE
THG,NYSE
NVDA,NASDAQ
PTMC,CBOE
TACO,NASDAQ
BTU,NYSE
CNK,NYSE
GGB,NYSE
SUNS,NASDAQ
EFC,NYSE
TCF,NYSE
TLYS,NYSE
HAYN,NASDAQ
CVE,NYSE
IOO,NYSEARCA
DDS,NYSE
FDUS,NASDAQ
IBMJ,NYSEARCA
PRTK,NASDAQ
JBT,NYSE
TCOM,NASDAQ
VEEV,NYSE
ANGL,NYSEARCA
AIN,NYSE
VTRS,NASDAQ
AJX,NYSE
EWJ,NYSEARCA
RYN,NYSE
NWSA,NASDAQ
OII,NYSE
KL,NYSE
SLMBP,NASDAQ
WDR,NYSE
ABT,NYSE
JACK,NASDAQ
IRTC,NASDAQ
ESE,NYSE
HASI,NYSE
WORK,NYSE
GNL,NYSE
NGHC,NASDAQ
KBWY,NASDAQ
FMC,NYSE
VTR,NYSE
UAA,NYSE
AZPN,NASDAQ
AGC,NYSE
NSH,NYSE
AWH,NYSE
CERE,NASDAQ
CAPA,IEX
IMNM,IEX
ALGM,IEX
SUBZ,IEX
CFAC,IEX
CYTH,IEX
TLIS,IEX
GHVI,IEX
LGHL,IEX
INBX,IEX
ONCR,IEX
YELL,IEX
KFVG,IEX
GRCL,IEX
NGAC,IEX
FATBP,IEX
AUVI,IEX
HOL,IEX
SGFY,IEX
CXDO,IEX
HMPT,IEX
FRX,IEX
ACIC,IEX
MILE,IEX
CLVT,IEX
BMBL,IEX
AEI,IEX
DSP,IEX
IIII,IEX
TNL,IEX
IMPX,IEX
RTPZ,IEX
DCRB,IEX
ENPC,IEX
NLSPW,IEX
VRPX,IEX
ALTU,IEX
BFLY,IEX
AUUD,IEX
AGFY,IEX
APPH,IEX
NSTB,IEX
AAIC,IEX
CBTG,IEX
OLB,IEX
EXN,IEX
LXEH,IEX
MNSO,IEX
SANA,IEX
VTOL,IEX
YALA,IEX
CHX,IEX
SBG,IEX
MNTK,IEX
SHLS,IEX
OMEG,IEX
AHAC,IEX
DSAC,IEX
GFX,IEX
GOAC,IEX
KSMT,IEX
PRCH,IEX
SPNV,IEX
SVFA,IEX
ADN,IEX
FCAC,IEX
ORLA,IEX
ASPL,IEX
FMAC,IEX
LNFA,IEX
BCAB,IEX
LEXX,IEX
RNRG,IEX
COMS,IEX
CONX,IEX
BCTX,IEX
RAAC,IEX
IACA,IEX
GTBP,IEX
SRNGU,IEX
HAAC,IEX
ZNTE,IEX
VIRX,IEX
LIXT,IEX
PLBY,IEX
PAND,IEX
FURY,IEX
ALTO,IEX
AGCB,IEX
IMTX,IEX
VSTA,IEX
RSVA,IEX
ETWO,IEX
CAP,IEX
EZGO,IEX
NVOS,IEX
TGIF,IEX
INTZ,IEX
INVO,IEX
SAII,IEX
LSEA,IEX
LESL,IEX
DBTX,IEX
NEXI,IEX
CHPT,IEX
UGRO,IEX
NUZE,IEX
EAOR,IEX
VCVC,IEX
REPX,IEX
CSSEN,IEX
SCPS,IEX
CNEY,IEX
GBS,IEX
LGVN,IEX
CHK,NYSE
RMGB,IEX
VACQ,IEX
GBOX,IEX
VOR,IEX
DMS,IEX
SNEX,IEX
THRY,IEX
RMRM,IEX
BUZZ,IEX
SENT,IEX
HECCW,IEX
OACB,IEX
ASXC,IEX
SWBK,IEX
IMCC,IEX
GBGR,IEX
DNMR,IEX
OSCR,IEX
GWAC,IEX
SLAMU,IEX
RNLX,IEX
SCR,IEX
BAOS,IEX
PHAR,IEX
TIXT,IEX
ETAC,IEX
MDVL,IEX
PSTX,IEX
PPTA,IEX
SRGA,IEX
PBLA,IEX
WLMS,IEX
PDO,IEX
ZEPP,IEX
VIEW,IEX
LFMD,IEX
LABP,IEX
ROCH,IEX
MDXG,OTC
ANGN,IEX
BNR,IEX
CD,IEX
CLNN,IEX
PRAX,IEX
IBRX,IEX
NHIC,IEX
NUVB,IEX
RBLX,IEX
ENFA,IEX
CPNG,IEX
ADV,IEX
BVS,IEX
NLSP,IEX
VERX,IEX
RICE,NYSE
IVAN,IEX
CUEN,IEX
MODV,IEX
ALGS,IEX
OCUP,IEX
FTCV,IEX
GSIG,IEX
SBTX,IEX
VSPR,IEX
DCT,NYSE
OSH,IEX
AEVA,IEX
IVDG,IEX
SNCY,IEX
VINP,IEX
UCL,IEX
CMMB,IEX
PCSA,IEX
GHLD,IEX
LTRN,IEX
OLO,NYSEARCA
CRHC,IEX
OUST,IEX
CLOVW,IEX
ITACW,IEX
MITC,IEX
HAYW,IEX
FTHM,IEX
YAC,IEX
MLAC,IEX
CHAQ,IEX
GMTX,IEX
CRCT,IEX
ARVL,IEX
DSEY,IEX
ATNF,IEX
NVVE,IEX
IKNA,IEX
VZIO,IEX
BIGZ,IEX
MRM,IEX
EEIQ,IEX
LCAAU,IEX
PCT,IEX
HGBL,IEX
BOWX,IEX
FST,IEX
ACVA,IEX
ALHC,IEX
ARKX,IEX
PCVX,IEX
TDUP,IEX
DOCN,IEX
PSFE,IEX
COUR,IEX
GNPK,IEX
TIL,NASDAQ
WFG,IEX
SONY,IEX
HPK,IEX
UPC,IEX
JOAN,IEX
MTAC,IEX
SPFR,IEX
ULCC,IEX
RELI,IEX
VYNT,IEX
BTX,NYSE
DUDE,IEX
HDRO,IEX
INFL,IEX
REIT,IEX
SVAL,IEX
PLRX,IEX
INVZ,IEX
LHDX,IEX
COMP,IEX
ASTS,IEX
KBUY,IEX
BLDG,IEX
LMACA,IEX
VS,IEX
SEER,IEX
COIN,IEX
UTME,IEX
AMPG,IEX
FSSI,IEX
VLON,IEX
RXDX,NASDAQ
IMCR,IEX
TSHA,IEX
SYTA,IEX
ONTF,IEX
ASAI,IEX
TRIN,IEX
EBET,IEX
MKTY,IEX
MYMD,IEX
MNMD,IEX
MUDS,IEX
CTLP,IEX
INM,IEX
IDBA,IEX
AVIR,NASDAQ
AKUS,IEX
FTCI,IEX
STEM,IEX
PSFF,IEX
EDR,NYSE
NEBC,IEX
RVPH,IEX
ATMR,IEX
CPUH,IEX
RXRX,IEX
KNBE,IEX
ATER,IEX
IFBD,IEX
TSP,IEX
ACCD,IEX
MOVE,IEX
PALI,IEX
UMI,IEX
ALF,IEX
IMCG,IEX
IBMI,NYSEARCA
PLUS,NASDAQ
AFMD,NASDAQ
MFC,NYSE
CTRE,NASDAQ
DMB,NYSE
ABMD,NASDAQ
HMST,NASDAQ
ALLT,NASDAQ
WBK,NYSE
UVV,NYSE
GLAD,NASDAQ
NTES,NASDAQ
EEMS,NYSEARCA
JOUT,NASDAQ
SFL,NYSE
CRAI,NASDAQ
HEAR,NASDAQ
IAI,NYSEARCA
LHX,NYSE
MKSI,NASDAQ
GPOR,NASDAQ
LYG,NYSE
HMC,NYSE
SCHW,NYSE
APO,NYSE
TLT,NASDAQ
ALV,NYSE
TREX,NYSE
QIWI,NASDAQ
SJNK,NYSEARCA
GBDC,NASDAQ
TDG,NYSE
IHC,NYSE
FIV,NYSE
TV,NYSE
PNFP,NASDAQ
SNDE,NASDAQ
FDVV,NYSEARCA
MGM,NYSE
DLS,NYSEARCA
TSM,NYSE
USHY,CBOE
PKO,NYSE
EVN,NYSE
VGK,NYSEARCA
AMNB,NASDAQ
RUN,NASDAQ
WIA,NYSE
ITA,CBOE
TAN,NYSEARCA
CCK,NYSE
DY,NYSE
RWM,NYSEARCA
ICLR,NASDAQ
REV,NYSE
CHGG,NYSE
NTNX,NASDAQ
ARNC,NYSE
XBI,NYSEARCA
QSR,NYSE
EQAL,NYSEARCA
DSX,NYSE
BCBP,NASDAQ
KXI,NYSEARCA
WASH,NASDAQ
YORW,NASDAQ
NUS,NYSE
ENS,NYSE
PHK,NYSE
BAB,NYSEARCA
SWKS,NASDAQ
SNX,NYSE
CALX,NYSE
TWO,NYSE
HPS,NYSE
DTH,NYSEARCA
IYJ,CBOE
BSBR,NYSE
PG,NYSE
MLI,NYSE
SBH,NYSE
K,NYSE
EIX,NYSE
IEP,NASDAQ
LSCC,NASDAQ
ZIOP,NASDAQ
DGRW,NASDAQ
SBAC,NASDAQ
ESS,NYSE
BCX,NYSE
JAZZ,NASDAQ
FTI,NYSE
NINE,NYSE
RYT,NYSEARCA
DBJP,NYSEARCA
XEC,NYSE
REET,NYSEARCA
IHIT,NYSE
MKC,NYSE
VEON,NASDAQ
BLX,NYSE
VOXX,NASDAQ
AUDC,NASDAQ
MDRX,NASDAQ
PRIM,NASDAQ
SPR,NYSE
CODI,NYSE
ASR,NYSE
ROKU,NASDAQ
XNCR,NASDAQ
ANDE,NASDAQ
RWR,NYSEARCA
GVI,CBOE
CAPE,NYSEARCA
SXT,NYSE
WCC,NYSE
MTG,NYSE
KRA,NYSE
QQEW,NASDAQ
MRK,NYSE
LCI,NYSE
WEC,NYSE
STN,NYSE
OIA,NYSE
SITE,NYSE
PBYI,NASDAQ
EMGF,CBOE
HTD,NYSE
BSX,NYSE
ICE,NYSE
INDA,CBOE
FCT,NYSE
ZG,NASDAQ
VTA,NYSE
BSRR,NASDAQ
IHDG,NYSEARCA
LDL,NYSE
TIF,NYSE
SOXX,NASDAQ
MQT,NYSE
ATRS,NASDAQ
HST,NYSE
RYI,NYSE
ITIC,NASDAQ
HNP,NYSE
D,NYSE
BIL,NYSEARCA
CS,NYSE
PSEC,NASDAQ
IYLD,CBOE
BSET,NASDAQ
LMNX,NASDAQ
FYC,NASDAQ
SPNS,NASDAQ
SWCH,NYSE
FPF,NYSE
RH,NYSE
VBND,NYSEARCA
AM,NYSE
BSJL,NYSEARCA
FISV,NASDAQ
VOOV,NYSEARCA
GL,NYSE
TRMB,NASDAQ
EPAM,NYSE
NMY,NYSE
FN,NYSE
VMO,NYSE
TRUP,NASDAQ
ENBL,NYSE
PSP,NYSEARCA
BXG,NYSE
FRPH,NASDAQ
TDW,NYSE
MSI,NYSE
TKC,NYSE
AFI,NYSE
GLOG,NYSE
IIVI,NASDAQ
EWD,NYSEARCA
NYF,NYSEARCA
W,NYSE
FENG,NYSE
DNLI,NASDAQ
VONE,NASDAQ
UA,NYSE
CMC,NYSE
MGK,NYSEARCA
CHT,NYSE
CIEN,NYSE
DNN,NYSE
MUSA,NYSE
RGR,NYSE
SSP,NASDAQ
RSG,NYSE
KRNT,NASDAQ
SB,NYSE
ADM,NYSE
LBTYK,NASDAQ
LOCO,NASDAQ
GQRE,NYSEARCA
EWM,NYSEARCA
VIOG,NYSEARCA
HT,NYSE
GFI,NYSE
IVH,NYSE
PDBC,NASDAQ
MAS,NYSE
DBVT,NASDAQ
DBL,NYSE
ALGN,NASDAQ
CSML,NASDAQ
VCLT,NASDAQ
PTNQ,CBOE
VIV,NYSE
CEPU,NYSE
WAT,NYSE
LCII,NYSE
TRVG,NASDAQ
GIL,NYSE
CRI,NYSE
IBDO,NYSEARCA
EVM,NYSE
AIV,NYSE
SOXL,NYSEARCA
PDS,NYSE
FBP,NYSE
JCOM,NASDAQ
CLW,NYSE
SAIL,NYSE
MCA,NYSE
FXO,NYSEARCA
IAU,NYSEARCA
FMS,NYSE
TNET,NYSE
TTEC,NASDAQ
RYH,NYSEARCA
MTL,NYSE
FITBI,NASDAQ
FF,NYSE
ALKS,NASDAQ
BIF,NYSE
METC,NASDAQ
ERII,NASDAQ
DHI,NYSE
EWL,NYSEARCA
TRV,NYSE
MPC,NYSE
DLB,NYSE
CAC,NASDAQ
EVRG,NYSE
IRET,NYSE
MAIN,NYSE
CEIX,NYSE
PRPL,NASDAQ
INTF,NYSEARCA
MTW,NYSE
VRS,NYSE
VRTS,NASDAQ
USFR,NYSEARCA
IYC,NYSEARCA
HFWA,NASDAQ
HTBK,NASDAQ
CRL,NYSE
LILAK,NASDAQ
SHOP,NYSE
FREL,NYSEARCA
IMMR,NASDAQ
EIG,NYSE
OSK,NYSE
PPBI,NASDAQ
FBHS,NYSE
NVAX,NASDAQ
GES,NYSE
SAM,NYSE
CET,NYSE
CYAD,NASDAQ
GBAB,NYSE
ENTA,NASDAQ
SPTN,NASDAQ
CBTX,NASDAQ
IBDM,NYSEARCA
FXR,NYSEARCA
EDIT,NASDAQ
MGPI,NASDAQ
MDY,NYSEARCA
MUI,NYSE
BWXT,NYSE
EWI,NYSEARCA
USPH,NYSE
LW,NYSE
DISCA,NASDAQ
EBTC,NASDAQ
NOMD,NYSE
IDE,NYSE
HTH,NYSE
CRF,NYSE
FC,NYSE
ZNGA,NASDAQ
EXPD,NASDAQ
UPLD,NASDAQ
GDVD,CBOE
REGL,CBOE
LAMR,NASDAQ
ARCB,NASDAQ
SLV,NYSEARCA
ILMN,NASDAQ
SXC,NYSE
MLM,NYSE
ONEY,NYSEARCA
QURE,NASDAQ
MDB,NASDAQ
EPAY,NASDAQ
PEAK,NYSE
NVG,NYSE
SAIC,NYSE
HCC,NYSE
SBSI,NASDAQ
EVBG,NASDAQ
PNR,NYSE
RLH,NYSE
PNW,NYSE
IXG,NYSEARCA
EOT,NYSE
JNPR,NYSE
APOG,NASDAQ
CIG,NYSE
JKHY,NASDAQ
CVCO,NASDAQ
PLXS,NASDAQ
GD,NYSE
BMA,NYSE
CBRE,NYSE
RBNC,NASDAQ
PJP,NYSEARCA
AMKR,NASDAQ
FOSL,NASDAQ
AEG,NYSE
CDR,NYSE
CIDM,NASDAQ
BEDU,NYSE
MBIN,NASDAQ
NRIM,NASDAQ
FNF,NYSE
IOSP,NASDAQ
BMTC,NASDAQ
AAOI,NASDAQ
NSP,NYSE
REXR,NYSE
IPGP,NASDAQ
DENN,NASDAQ
EGHT,NYSE
CHW,NASDAQ
AON,NYSE
RHI,NYSE
FRTA,NASDAQ
AGRO,NYSE
CMCO,NASDAQ
CVS,NYSE
FBC,NYSE
FPX,NYSEARCA
IBDN,NYSEARCA
IEFA,CBOE
ADBE,NASDAQ
VICR,NASDAQ
JKE,NYSEARCA
PHYS,NYSEARCA
RES,NYSE
JCI,NYSE
ALNY,NASDAQ
ACN,NYSE
FLS,NYSE
CREE,NASDAQ
RTRX,NASDAQ
AMLP,NYSEARCA
FDX,NYSE
PTLC,CBOE
BUD,NYSE
PGX,NYSEARCA
VWO,NYSEARCA
TBI,NYSE
SUN,NYSE
SCCO,NYSE
MGV,NYSEARCA
BBDO,NYSE
LAZ,NYSE
EVI,NYSE
JOE,NYSE
BCOV,NASDAQ
AWP,NYSE
DRNA,NASDAQ
FLTR,NYSEARCA
CPS,NYSE
LPG,NYSE
IWB,NYSEARCA
SPDW,NYSEARCA
CLTL,NYSEARCA
RNET,NASDAQ
CHU,NYSE
LOOP,NASDAQ
PBCT,NASDAQ
CTS,NYSE
ESLT,NASDAQ
MKL,NYSE
ATHX,NASDAQ
BGCP,NASDAQ
GREK,NYSEARCA
QADB,NASDAQ
CARA,NASDAQ
BK,NYSE
ARL,NYSE
BBU,NYSE
CHI,NASDAQ
FDRR,NYSEARCA
AGR,NYSE
AMAG,NASDAQ
UGI,NYSE
IX,NYSE
SCHZ,NYSEARCA
IBDP,NYSEARCA
ENR,NYSE
PHX,NYSE
SSB,NASDAQ
IEZ,NYSEARCA
PIZ,NASDAQ
LSTR,NASDAQ
MBI,NYSE
DFE,NYSEARCA
PRGS,NASDAQ
ROK,NYSE
NBL,NYSE
THRM,NASDAQ
SPIB,NYSEARCA
CPRI,NYSE
QCRH,NASDAQ
PNM,NYSE
VYMI,NASDAQ
VRNT,NASDAQ
TUP,NYSE
BAX,NYSE
QQQX,NASDAQ
MLPI,NYSEARCA
IAG,NYSE
TCBK,NASDAQ
HOFT,NASDAQ
SPYX,NYSEARCA
VCEL,NASDAQ
STRS,NASDAQ
CCI,NYSE
TLND,NASDAQ
AMRN,NASDAQ
ITCB,NYSE
APRN,NYSE
FAST,NASDAQ
STE,NYSE
CVEO,NYSE
FGD,NYSEARCA
FTCS,NASDAQ
SYF,NYSE
HYG,NYSEARCA
ACMR,NASDAQ
MOV,NYSE
VVR,NYSE
COF,NYSE
ITOT,NYSEARCA
IDU,NYSEARCA
ETO,NYSE
GBLI,NASDAQ
EC,NYSE
NPTN,NYSE
HYZD,NASDAQ
LAC,NYSE
ECOL,NASDAQ
SCL,NYSE
CORE,NASDAQ
EEFT,NASDAQ
BGB,NYSE
BRKL,NASDAQ
PCK,NYSE
EXEL,NASDAQ
OC,NYSE
GHM,NYSE
UNTY,NASDAQ
QAI,NYSEARCA
HCI,NYSE
VHI,NYSE
HNI,NYSE
EGLE,NASDAQ
CTL,NYSE
WTTR,NYSE
EPP,NYSEARCA
HEEM,CBOE
VTI,NYSEARCA
CORR,NYSE
MIME,NASDAQ
PCI,NYSE
CAR,NASDAQ
PRU,NYSE
EOLS,NASDAQ
KMX,NYSE
EXTR,NASDAQ
LDOS,NYSE
IJH,NYSEARCA
DISCK,NASDAQ
PB,NYSE
INSW,NYSE
UL,NYSE
OPK,NASDAQ
NPO,NYSE
UFS,NYSE
WBS,NYSE
DBEU,NYSEARCA
CLR,NYSE
BXS,NYSE
BF.B,NYSE
VGLT,NASDAQ
ROP,NYSE
NVRO,NYSE
POWI,NASDAQ
CMTL,NASDAQ
NPK,NYSE
KWR,NYSE
CYTK,NASDAQ
SYBT,NASDAQ
L,NYSE
SATS,NASDAQ
SIVR,NYSEARCA
DRE,NYSE
EIGI,NASDAQ
AAT,NYSE
INT,NYSE
HBM,NYSE
FPH,NYSE
MWA,NYSE
ACEL,NYSE
SRG,NYSE
PFPT,NASDAQ
BOKF,NASDAQ
BAK,NYSE
DK,NYSE
TXN,NASDAQ
SFST,NASDAQ
GMED,NYSE
CULP,NYSE
VGIT,NASDAQ
VNET,NASDAQ
EBIX,NASDAQ
DGICA,NASDAQ
EEM,NYSEARCA
ZION,NASDAQ
BTE,NYSE
CENX,NASDAQ
CHDN,NASDAQ
VB,NYSEARCA
NG,NYSE
GSY,NYSEARCA
AFB,NYSE
MYD,NYSE
ETW,NYSE
UTHR,NASDAQ
LRCX,NASDAQ
CBAY,NASDAQ
CCD,NASDAQ
BCS,NYSE
AOD,NYSE
TDOC,NYSE
IVV,NYSEARCA
TYME,NASDAQ
INCY,NASDAQ
SMG,NYSE
LXFR,NYSE
ZTS,NYSE
SIX,NYSE
KGC,NYSE
KT,NYSE
Z,NASDAQ
SCHL,NASDAQ
LGND,NASDAQ
MRTN,NASDAQ
MAN,NYSE
FMAO,NASDAQ
CMO,NYSE
MKTX,NASDAQ
NLSN,NYSE
ADMA,NASDAQ
CMF,NYSEARCA
DHT,NYSE
BTG,NYSE
SLY,NYSEARCA
TBNK,NASDAQ
UGP,NYSE
VPG,NYSE
PSK,NYSEARCA
CIVB,NASDAQ
LNT,NYSE
FRA,NYSE
HSTM,NASDAQ
CIR,NYSE
GAIN,NASDAQ
GSM,NASDAQ
FEI,NYSE
BYM,NYSE
KMF,NYSE
UUUU,NYSE
URI,NYSE
BKI,NYSE
MDLZ,NASDAQ
DMRC,NASDAQ
KMI,NYSE
GCP,NYSE
EPC,NYSE
GMZ,NYSE
ATAX,NASDAQ
SANM,NASDAQ
IDA,NYSE
HON,NYSE
IBMK,NYSEARCA
PHO,NASDAQ
BG,NYSE
HX,NASDAQ
EXPE,NASDAQ
DLN,NYSEARCA
HRI,NYSE
BOOM,NASDAQ
FSLR,NASDAQ
AMZN,NASDAQ
FXE,NYSEARCA
SRDX,NASDAQ
DCP,NYSE
MHN,NYSE
OHI,NYSE
COMT,NASDAQ
EXG,NYSE
IJJ,NYSEARCA
BDC,NYSE
RVNC,NASDAQ
PBE,NYSEARCA
EWX,NYSEARCA
PEGA,NASDAQ
LNC,NYSE
FLDM,NASDAQ
CCXI,NASDAQ
FCAU,NYSE
PQG,NYSE
LVGO,NASDAQ
SLCA,NYSE
FBK,NYSE
SPHQ,NYSEARCA
FCFS,NASDAQ
T,NYSE
VMI,NYSE
CSII,NASDAQ
AGFS,NASDAQ
JHB,NYSE
TOUR,NASDAQ
WUBA,NYSE
SRLP,NYSE
EAT,NYSE
CSOD,NASDAQ
MNKD,NASDAQ
GUNR,NYSEARCA
EVR,NYSE
BAC,NYSE
GTT,NYSE
ADT,NYSE
KEX,NYSE
INN,NYSE
HZO,NYSE
URBN,NASDAQ
WHF,NASDAQ
CCL,NYSE
ARMK,NYSE
SGEN,NASDAQ
CAE,NYSE
RYU,NYSEARCA
NEE,NYSE
BRID,NASDAQ
MLCO,NASDAQ
FSS,NYSE
ONB,NASDAQ
UEIC,NASDAQ
IIF,NYSE
SEDG,NASDAQ
FLJP,NYSEARCA
SSD,NYSE
SCHB,NYSEARCA
XES,NYSEARCA
NCSM,NASDAQ
CRM,NYSE
LMRK,NASDAQ
RPT,NYSE
FHLC,NYSEARCA
KRNY,NASDAQ
JELD,NYSE
MEDP,NASDAQ
SJM,NYSE
NI,NYSE
EMN,NYSE
CNSL,NASDAQ
AGM,NYSE
RS,NYSE
GPRK,NYSE
STWD,NYSE
ZTR,NYSE
KBWD,NASDAQ
HBI,NYSE
ALOT,NASDAQ
BDJ,NYSE
EZPW,NASDAQ
ATKR,NYSE
CHSCM,NASDAQ
KLAC,NASDAQ
LTRPB,NASDAQ
CCRC,NASDAQ
ARCH,NYSE
UDR,NYSE
FCPT,NYSE
APH,NYSE
EQR,NYSE
CYRX,NASDAQ
ARTNA,NASDAQ
SLF,NYSE
CRY,NYSE
CBMG,NASDAQ
AAN,NYSE
BFK,NYSE
CVGW,NASDAQ
SJT,NYSE
EMLC,NYSEARCA
IPI,NYSE
GAM,NYSE
UPS,NYSE
SKYW,NASDAQ
PTNR,NASDAQ
PAG,NYSE
LOMA,NYSE
BHE,NYSE
RUSHA,NASDAQ
MFG,NYSE
TROW,NASDAQ
NCR,NYSE
RYB,NYSE
WCN,NYSE
XOP,NYSEARCA
EVA,NYSE
PVAC,NASDAQ
VVI,NYSE
OFIX,NASDAQ
APPF,NASDAQ
OSIS,NASDAQ
MCHP,NASDAQ
GWRE,NYSE
PRI,NYSE
ANAB,NASDAQ
DDWM,CBOE
ALUS,NYSE
SM,NYSE
EGRX,NASDAQ
AAP,NYSE
USCI,NYSEARCA
RWO,NYSEARCA
FITB,NASDAQ
LBRT,NYSE
CDMO,NASDAQ
FNV,NYSE
HTA,NYSE
STM,NYSE
APLE,NYSE
RIGL,NASDAQ
SUSA,NYSEARCA
FEN,NYSE
WMC,NYSE
CMRE,NYSE
SH,NYSEARCA
MCRB,NASDAQ
ECL,NYSE
AMSWA,NASDAQ
VBK,NYSEARCA
PETS,NASDAQ
BWZ,NYSEARCA
WELL,NYSE
VZ,NYSE
CDZI,NASDAQ
MHO,NYSE
PSQ,NYSEARCA
DSGX,NASDAQ
LLY,NYSE
DIN,NYSE
CHCT,NYSE
LSXMK,NASDAQ
GWRS,NASDAQ
CNS,NYSE
CHH,NYSE
CCNE,NASDAQ
GRPN,NASDAQ
KALA,NASDAQ
BKCC,NASDAQ
IEO,CBOE
NTRS,NASDAQ
KR,NYSE
HLG,NASDAQ
STAR,NYSE
AMED,NASDAQ
DEI,NYSE
NBEV,NASDAQ
FOF,NYSE
BSMX,NYSE
DOOR,NYSE
FDP,NYSE
PBPB,NASDAQ
BKN,NYSE
GTLS,NASDAQ
SAGE,NASDAQ
ZBH,NYSE
RHP,NYSE
OXFD,NASDAQ
IFF,NYSE
CLMT,NASDAQ
IMMU,NASDAQ
INWK,NASDAQ
NZF,NYSE
HYI,NYSE
DSM,NYSE
ETH,NYSE
OXY,NYSE
BKNG,NASDAQ
SLDB,NASDAQ
SECT,CBOE
UVXY,NYSEARCA
EXC,NYSE
MIE,NYSE
SIG,NYSE
AGEN,NASDAQ
TTM,NYSE
SCVL,NASDAQ
CDXS,NASDAQ
CIT,NYSE
NID,NYSE
PPG,NYSE
REZ,NYSEARCA
BGFV,NASDAQ
PUTW,NYSEARCA
BCH,NYSE
USO,NYSEARCA
VKQ,NYSE
MTT,NYSE
AAL,NASDAQ
JRO,NYSE
TLK,NYSE
RMT,NYSE
JOBS,NASDAQ
AGX,NYSE
DDM,NYSEARCA
RWK,NYSEARCA
ITT,NYSE
NWBI,NASDAQ
XLK,NYSEARCA
SYLD,NYSEARCA
NTGR,NASDAQ
SLQD,NASDAQ
MMC,NYSE
STFC,NASDAQ
OLP,NYSE
XPO,NYSE
ZEN,NYSE
FFWM,NASDAQ
RLGY,NYSE
GSBD,NYSE
SU,NYSE
MJ,NYSEARCA
AUY,NYSE
VLO,NYSE
WMB,NYSE
GHL,NYSE
IGE,CBOE
BAM,NYSE
KURA,NASDAQ
FCBC,NASDAQ
ZGNX,NASDAQ
AIMT,NASDAQ
DECK,NYSE
GAL,NYSEARCA
MNK,NYSE
FANG,NASDAQ
UNM,NYSE
SDOG,NYSEARCA
ASMB,NASDAQ
IART,NASDAQ
PII,NYSE
AER,NYSE
EDN,NYSE
FTAI,NYSE
VEU,NYSEARCA
RFP,NYSE
PXF,NYSEARCA
NVGS,NYSE
HE,NYSE
QUAL,CBOE
FM,NYSEARCA
MRTX,NASDAQ
AXP,NYSE
GE,NYSE
AGYS,NASDAQ
IYT,CBOE
NBLX,NYSE
CLRG,NASDAQ
NGG,NYSE
HDV,NYSEARCA
RCII,NASDAQ
BSJM,NYSEARCA
SSRM,NASDAQ
STAG,NYSE
FTS,NYSE
AT,NYSE
RARE,NASDAQ
SPYG,NYSEARCA
TCO,NYSE
CCMP,NASDAQ
ABCB,NASDAQ
BFAM,NYSE
NC,NYSE
RICK,NASDAQ
ENLC,NYSE
CMCM,NYSE
GSLC,NYSEARCA
EMR,NYSE
EVV,NYSE
BBD,NYSE
SCHO,NYSEARCA
WSM,NYSE
DPG,NYSE
ARLP,NASDAQ
RPM,NYSE
TCX,NASDAQ
EURN,NYSE
OSUR,NASDAQ
DIA,NYSEARCA
KOP,NYSE
WABC,NASDAQ
FTSL,NASDAQ
WNS,NYSE
MPLX,NYSE
HEDJ,NYSEARCA
ISD,NYSE
YELP,NYSE
CGW,NYSEARCA
EWW,NYSEARCA
GOOD,NASDAQ
IFN,NYSE
NCBS,NASDAQ
CAMP,NASDAQ
JTD,NYSE
X,NYSE
OCN,NYSE
LFC,NYSE
GRUB,NYSE
GDXJ,NYSEARCA
HBAN,NASDAQ
SMHI,NYSE
ATO,NYSE
RMTI,NASDAQ
HCKT,NASDAQ
EHTH,NASDAQ
ITB,CBOE
FBM,NYSE
IXN,NYSEARCA
GDS,NASDAQ
ASML,NASDAQ
LC,NYSE
COP,NYSE
WIX,NASDAQ
DRH,NYSE
SMCI,OTC
CWST,NASDAQ
NUO,NYSE
SIMO,NASDAQ
CLXT,NASDAQ
CTMX,NASDAQ
RFDI,NASDAQ
CACC,NASDAQ
SVM,NYSE
XLI,NYSEARCA
NNN,NYSE
WMK,NYSE
XLRE,NYSEARCA
IWX,NYSEARCA
LMBS,NASDAQ
EXP,NYSE
FIVN,NASDAQ
USMV,CBOE
HMI,NYSE
WLDN,NASDAQ
AMH,NYSE
IXP,NYSEARCA
MIK,NASDAQ
CASS,NASDAQ
TGLS,NASDAQ
ULTA,NASDAQ
VIVO,NASDAQ
SRC,NYSE
XME,NYSEARCA
MBWM,NASDAQ
CHUY,NASDAQ
MCHI,NASDAQ
TRMK,NASDAQ
PODD,NASDAQ
NOK,NYSE
MOMO,NASDAQ
HELE,NASDAQ
SLG,NYSE
FNCL,NYSEARCA
HBANO,NASDAQ
JT,NYSE
LBAI,NASDAQ
FLEX,NASDAQ
QID,NYSEARCA
GOOS,NYSE
NMIH,NASDAQ
BURL,NYSE
PPT,NYSE
AWF,NYSE
BSAC,NYSE
KEN,NYSE
DSPG,NASDAQ
WHR,NYSE
ALCO,NASDAQ
LBTYA,NASDAQ
CRBP,NASDAQ
FTNT,NASDAQ
RAVN,NASDAQ
BIG,NYSE
FNDA,NYSEARCA
SCHX,NYSEARCA
MORN,NASDAQ
HRTX,NASDAQ
ILF,NYSEARCA
WY,NYSE
ESBA,NYSEARCA
NXE,NYSE
CETV,NASDAQ
ANF,NYSE
NUGT,NYSEARCA
HPE,NYSE
UMH,NYSE
EWBC,NASDAQ
RRR,NASDAQ
ASIX,NYSE
HIFS,NASDAQ
SKT,NYSE
ZNH,NYSE
ENPH,NASDAQ
MMYT,NASDAQ
AGS,NYSE
JOF,NYSE
DEM,NYSEARCA
RMNI,NASDAQ
JBGS,NYSE
VRP,NYSEARCA
RGNX,NASDAQ
PMT,NYSE
NBIX,NASDAQ
TRHC,NASDAQ
SYNH,NASDAQ
ARI,NYSE
BUI,NYSE
MAXR,NYSE
FRBA,NASDAQ
CENT,NASDAQ
BEN,NYSE
HTHT,NASDAQ
PAYX,NASDAQ
MMP,NYSE
MAT,NASDAQ
FVC,NASDAQ
HSKA,NASDAQ
HD,NYSE
ARCC,NASDAQ
RCL,NYSE
GLNG,NASDAQ
TIPX,NYSEARCA
ROST,NASDAQ
MIN,NYSE
AIR,NYSE
IT,NYSE
REX,NYSE
TSC,NASDAQ
AAWW,NASDAQ
PGTI,NYSE
PBF,NYSE
ORA,NYSE
IMKTA,NASDAQ
GLUU,NASDAQ
NSIT,NASDAQ
QADA,NASDAQ
NAN,NYSE
CFG,NYSE
CONE,NASDAQ
SPLK,NASDAQ
DAKT,NASDAQ
TSU,NYSE
ED,NYSE
INVA,NASDAQ
KNL,NYSE
LPL,NYSE
BSJK,NYSEARCA
AMZA,NYSEARCA
PFL,NYSE
MYL,NASDAQ
ASRV,NASDAQ
DWLD,NASDAQ
OSTK,NASDAQ
ROLL,NASDAQ
LQDH,NYSEARCA
ATLO,NASDAQ
CII,NYSE
AAXJ,NASDAQ
SCWX,NASDAQ
FTSM,NASDAQ
FTSI,NYSE
LE,NASDAQ
UAL,NASDAQ
HMLP,NYSE
FVD,NYSEARCA
VLUE,CBOE
ICL,NYSE
SLP,NASDAQ
GATX,NYSE
EPI,NYSEARCA
UCO,NYSEARCA
VTEB,NYSEARCA
VTV,NYSEARCA
IGR,NYSE
IJT,NASDAQ
MFL,NYSE
IP,NYSE
UTF,NYSE
THS,NYSE
MXL,NYSE
WINA,NASDAQ
GLT,NYSE
ADS,NYSE
MSFT,NASDAQ
DS,NYSE
GWW,NYSE
FLT,NYSE
SOI,NYSE
HYGH,NYSEARCA
ENDP,NASDAQ
SPEM,NYSEARCA
PRLB,NYSE
GLPI,NASDAQ
BME,NYSE
MCY,NYSE
TRTN,NYSE
AZO,NYSE
ETR,NYSE
FXD,NYSEARCA
DHR,NYSE
QUOT,NYSE
MSM,NYSE
NTRA,NASDAQ
NOA,NYSE
LBTYB,NASDAQ
TRC,NYSE
CHRW,NASDAQ
SENS,NYSE
MDIV,NASDAQ
MCI,NYSE
HBMD,NASDAQ
HESM,NYSE
PM,NYSE
GDEN,NASDAQ
PRTY,NYSE
NDSN,NASDAQ
EWT,NYSEARCA
KALU,NASDAQ
ITGR,NYSE
CHSCN,NASDAQ
SINA,NASDAQ
PRFZ,NASDAQ
STK,NYSE
PDT,NYSE
DOX,NASDAQ
AVY,NYSE
USRT,NYSEARCA
LDP,NYSE
CUB,NYSE
SDY,NYSEARCA
STIP,NYSEARCA
BIIB,NASDAQ
CTR,NYSE
AY,NASDAQ
CHCO,NASDAQ
CATM,NASDAQ
VPU,NYSEARCA
RDY,NYSE
SPMD,NYSEARCA
IIN,NASDAQ
TELL,NASDAQ
SVXY,NYSEARCA
SPSB,NYSEARCA
UTMD,NASDAQ
FTA,NASDAQ
LORL,NASDAQ
MGU,NYSE
PSB,NYSE
CRESY,NASDAQ
MIY,NYSE
SAFM,NASDAQ
VCIT,NASDAQ
RJI,NYSEARCA
HLNE,NASDAQ
LEMB,NYSEARCA
GOOG,NASDAQ
DLX,NYSE
CZNC,NASDAQ
WBAI,NYSE
ABUS,NASDAQ
VGR,NYSE
FFBC,NASDAQ
GAIA,NASDAQ
RDNT,NASDAQ
BLDP,NASDAQ
PACB,NASDAQ
BASI,NASDAQ
THD,NYSEARCA
IWR,NYSEARCA
DAL,NYSE
ORBC,NASDAQ
ENIA,NYSE
SRI,NYSE
TYG,NYSE
DFP,NYSE
ALSN,NYSE
GOL,NYSE
MANH,NASDAQ
PFSI,NYSE
BNDX,NASDAQ
BCEI,NYSE
HEWJ,NYSEARCA
MUNI,NYSEARCA
CLM,NYSE
BKD,NYSE
NGVC,NYSE
VEA,NYSEARCA
EVC,NYSE
IXJ,NYSEARCA
DSKE,NASDAQ
ETSY,NASDAQ
SSL,NYSE
PAHC,NASDAQ
VRSK,NASDAQ
XRAY,NASDAQ
IBUY,NASDAQ
CLLS,NASDAQ
NUW,NYSE
IRT,NYSE
EFT,NYSE
GWB,NYSE
HIO,NYSE
AMOV,NYSE
NGD,NYSE
KMPR,NYSE
THR,NYSE
ALTR,NASDAQ
ANTM,NYSE
CASI,NASDAQ
V,NYSE
NX,NYSE
BPMC,NASDAQ
QTRX,NASDAQ
KLIC,NASDAQ
BMCH,NASDAQ
WFC,NYSE
GBX,NYSE
XRX,NYSE
TOL,NYSE
DLPH,NYSE
BCC,NYSE
NCMI,NASDAQ
BPT,NYSE
RY,NYSE
PCH,NASDAQ
MHI,NYSE
UNFI,NASDAQ
PEN,NYSE
FNB,NYSE
XSD,NYSEARCA
APLS,NASDAQ
MTDR,NYSE
AAXN,NASDAQ
JLL,NYSE
CDK,NASDAQ
ADX,NYSE
GBL,NYSE
TDTF,NYSEARCA
SGH,NASDAQ
VOE,NYSEARCA
BCRX,NASDAQ
SHOO,NASDAQ
EDIV,NYSEARCA
ATEN,NYSE
LILA,NASDAQ
MYOK,NASDAQ
TGTX,NASDAQ
LOW,NYSE
SPNE,NASDAQ
GT,NASDAQ
ACCO,NYSE
YLD,NYSEARCA
IRCP,NASDAQ
URA,NYSEARCA
ING,NYSE
PAAS,NASDAQ
PFBI,NASDAQ
NBHC,NYSE
CFX,NYSE
CRH,NYSE
BANF,NASDAQ
NANR,NYSEARCA
VCRA,NYSE
SOGO,NYSE
LAD,NYSE
DISH,NASDAQ
IVOV,NYSEARCA
BXP,NYSE
COST,NASDAQ
RGCO,NASDAQ
CACI,NYSE
FEX,NASDAQ
KTOS,NASDAQ
REG,NASDAQ
XLP,NYSEARCA
JKS,NYSE
FPRX,NASDAQ
CPF,NYSE
SSYS,NASDAQ
BUSE,NASDAQ
TWNK,NASDAQ
USDP,NYSE
OEC,NYSE
CNXM,NYSE
SCHE,NYSEARCA
MYC,NYSE
PKX,NYSE
BWA,NYSE
BP,NYSE
NJR,NYSE
NUVA,NASDAQ
PSF,NYSE
SNAP,NYSE
AUBN,NASDAQ
FXH,NYSEARCA
CAF,NYSE
DORM,NASDAQ
JE,NYSE
PXH,NYSEARCA
HFRO,NYSE
BCOM,NASDAQ
ICFI,NASDAQ
MDYG,NYSEARCA
PZZA,NASDAQ
TNK,NYSE
OTTR,NASDAQ
XHR,NYSE
VIAV,NASDAQ
IVZ,NYSE
BL,NASDAQ
QEFA,NYSEARCA
TRNO,NYSE
SHI,NYSE
INTU,NASDAQ
GLOP,NYSE
ANIK,NASDAQ
RGS,NYSE
DUC,NYSE
VAC,NYSE
ICF,CBOE
USAC,NYSE
SMTS,NYSE
TCI,NYSE
HBCP,NASDAQ
IR,NYSE
FXG,NYSEARCA
BAH,NYSE
ARW,NYSE
DTD,NYSEARCA
CIBR,NASDAQ
ASFI,NASDAQ
CP,NYSE
PZC,NYSE
AOA,NYSEARCA
CCRN,NASDAQ
VSAT,NASDAQ
KEP,NYSE
TFLO,NYSEARCA
UBA,NYSE
EWS,NYSEARCA
DAC,NYSE
YY,NASDAQ
TXT,NYSE
CNNE,NYSE
FAS,NYSEARCA
GLDD,NASDAQ
EZM,NYSEARCA
RUSL,NYSEARCA
FAX,NYSE
COMM,NASDAQ
LNN,NYSE
FOLD,NASDAQ
VCR,NYSEARCA
WF,NYSE
PKI,NYSE
VIAC,NASDAQ
BHB,NYSE
NOG,NYSE
WLKP,NYSE
CATO,NYSE
PRGO,NYSE
GKOS,NYSE
EWU,NYSEARCA
YUM,NYSE
UPRO,NYSEARCA
LITE,NASDAQ
SMBC,NASDAQ
IJK,NYSEARCA
ACIU,NASDAQ
FIZZ,NASDAQ
SFNC,NASDAQ
PHG,NYSE
PCAR,NASDAQ
KO,NYSE
ZTO,NYSE
SPG,NYSE
IQV,NYSE
CVCY,NASDAQ
QTWO,NYSE
MGC,NYSEARCA
PVBC,NASDAQ
EPD,NYSE
LL,NYSE
CPE,NYSE
PFXF,NYSEARCA
KIE,NYSEARCA
STRL,NASDAQ
TBT,NYSEARCA
CSX,NASDAQ
CPST,NASDAQ
MTRN,NYSE
WAFD,NASDAQ
MPAA,NASDAQ
ACAD,NASDAQ
NTCT,NASDAQ
VMC,NYSE
NAVI,NASDAQ
QLYS,NASDAQ
CFR,NYSE
PZN,NYSE
FSV,NASDAQ
FCNCA,NASDAQ
MRO,NYSE
FEYE,NASDAQ
SAND,NYSE
ZAGG,NASDAQ
FNDB,NYSEARCA
UUP,NYSEARCA
XMLV,NYSEARCA
SLYG,NYSEARCA
AGZ,NYSEARCA
IBTX,NASDAQ
PVH,NYSE
PFE,NYSE
OCFC,NASDAQ
INSM,NASDAQ
GEM,NYSEARCA
GDOT,NYSE
FIBK,NASDAQ
FRPT,NASDAQ
TMV,NYSEARCA
KNDI,NASDAQ
SEM,NYSE
PICK,CBOE
BBGI,NASDAQ
TRI,NYSE
MLR,NYSE
OTEX,NASDAQ
MSB,NYSE
HSIC,NASDAQ
AQUA,NYSE
ADNT,NYSE
PLAB,NASDAQ
CTIC,NASDAQ
ESPR,NASDAQ
GGAL,NASDAQ
JRI,NYSE
CTO,NYSE
XIN,NYSE
DIAX,NYSE
NGL,NYSE
VDE,NYSEARCA
FPL,NYSE
NMRD,NASDAQ
CLB,NYSE
IBKR,IEX
EVT,NYSE
LPX,NYSE
PDLB,NASDAQ
VNQI,NASDAQ
GNK,NYSE
COLB,NASDAQ
VWOB,NASDAQ
TGP,NYSE
HWKN,NASDAQ
INDB,NASDAQ
CNA,NYSE
AEGN,NASDAQ
UAN,NYSE
PSJ,NYSEARCA
VSH,NYSE
KAI,NYSE
PCRX,NASDAQ
LFUS,NASDAQ
SPKE,NASDAQ
XLB,NYSEARCA
AOM,NYSEARCA
FSTA,NYSEARCA
WHG,NYSE
SCHP,NYSEARCA
PRA,NYSE
LOGM,NASDAQ
CASA,NASDAQ
CSU,NYSE
EOS,NYSE
MLP,NYSE
HOPE,NASDAQ
CBSH,NASDAQ
SIM,NYSE
PEY,NASDAQ
EEMV,CBOE
VNM,NYSEARCA
PWV,NYSEARCA
LYV,NYSE
AWK,NYSE
QDEF,NYSEARCA
LADR,NYSE
PGRE,NYSE
PFIS,NASDAQ
GWX,NYSEARCA
BCOR,NASDAQ
AFG,NYSE
TROX,NYSE
WMT,NYSE
CWB,NYSEARCA
PWR,NYSE
BH,NYSE
SHG,NYSE
TBK,NASDAQ
KFRC,NASDAQ
HYEM,NYSEARCA
EELV,NYSEARCA
MTX,NYSE
LAUR,NASDAQ
DOW,NYSE
EFR,NYSE
FEP,NASDAQ
ASTE,NASDAQ
TUSK,NASDAQ
FLRN,NYSEARCA
GURU,NYSEARCA
NAC,NYSE
BOSC,NASDAQ
UMBF,NASDAQ
GNR,NYSEARCA
TEX,NYSE
ODP,NASDAQ
RRGB,NASDAQ
BMO,NYSE
OXLC,NASDAQ
ONEV,NYSEARCA
PBH,NYSE
TOWN,NASDAQ
FET,NYSE
FNDF,NYSEARCA
PMX,NYSE
TCPC,NASDAQ
CNOB,NASDAQ
KSU,NYSE
WTFC,NASDAQ
CYH,NYSE
VPV,NYSE
SAIA,NASDAQ
TISI,NYSE
AMTD,NASDAQ
SSO,NYSEARCA
SCHD,NYSEARCA
BIV,NYSEARCA
PLUG,NASDAQ
MFA,NYSE
SHAK,NYSE
AXGN,NASDAQ
DFIN,NYSE
SFIX,NASDAQ
SRNE,NASDAQ
MYRG,NASDAQ
DNOW,NYSE
VALE,NYSE
XNTK,NYSEARCA
FBGX,NYSEARCA
ATEC,NASDAQ
IEF,NASDAQ
BRC,NYSE
EBF,NYSE
GLPG,NASDAQ
CC,NYSE
SPLG,NYSEARCA
AINV,NASDAQ
ATR,NYSE
SMMF,NASDAQ
CFFN,NASDAQ
SNR,NYSE
CHS,NYSE
NVEE,NASDAQ
CMPR,NASDAQ
GMLP,NASDAQ
NLOK,NASDAQ
WATT,NASDAQ
STAA,NASDAQ
NVEC,NASDAQ
SBIO,NYSEARCA
SPPI,NASDAQ
VTHR,NASDAQ
TPR,NYSE
GIGB,NYSEARCA
CMG,NYSE
WWW,NYSE
WRK,NYSE
CLPR,NYSE
DFS,NYSE
DHS,NYSEARCA
REVG,NYSE
ABB,NYSE
CMCT,NASDAQ
LNDC,NASDAQ
TJX,NYSE
IHF,NYSEARCA
EXAS,NASDAQ
SERV,NYSE
EQIX,NASDAQ
FIHD,NYSEARCA
AGN,NYSE
RESI,NYSE
WRLD,NASDAQ
RST,NYSE
UBS,NYSE
GWPH,NASDAQ
HEP,NYSE
BB,NYSE
STAY,NASDAQ
SALT,NYSE
FLIC,NASDAQ
BRKR,NASDAQ
CRUS,NASDAQ
DCPH,NASDAQ
WSBF,NASDAQ
CNQ,NYSE
HLX,NYSE
PTC,NASDAQ
NBTB,NASDAQ
OOMA,NYSE
CBU,NYSE
GOOGL,NASDAQ
SGRY,NASDAQ
LOB,NASDAQ
LB,NYSE
JCO,NYSE
PMO,NYSE
FUL,NYSE
TGT,NYSE
BOMN,NASDAQ
PSLV,NYSEARCA
DBO,NYSEARCA
ACRS,NASDAQ
PHD,NYSE
FOE,NYSE
CFBK,NASDAQ
CLH,NYSE
SSNC,NASDAQ
CTSO,NASDAQ
JCE,NYSE
WBT,NYSE
CCS,NYSE
PRGX,NASDAQ
DVA,NYSE
QTEC,NASDAQ
CNX,NYSE
MOO,NYSEARCA
SPH,NYSE
UDOW,NYSEARCA
TTEK,NASDAQ
FFIC,NASDAQ
VONG,NASDAQ
STPZ,NYSEARCA
PGC,NASDAQ
COG,NYSE
NP,NYSE
FSLY,NYSE
BLMN,NASDAQ
TPVG,NYSE
BMRC,NASDAQ
PCSB,NASDAQ
AEO,NYSE
WU,NYSE
IFGL,NASDAQ
BZH,NYSE
FTEC,NYSEARCA
OMC,NYSE
WVE,NASDAQ
RWJ,NYSEARCA
CDEV,NASDAQ
CAL,NYSE
IBP,NYSE
TU,NYSE
STBA,NASDAQ
MAG,NYSE
VXX,NYSEARCA
CSTE,NASDAQ
HSC,NYSE
LEO,NYSE
TWOU,NASDAQ
CLDR,NYSE
IBN,NYSE
ALL,NYSE
BAR,NYSEARCA
KBAL,NASDAQ
RBB,NASDAQ
XLU,NYSEARCA
PAGS,NYSE
FSM,NYSE
OFG,NYSE
MXI,NYSEARCA
CTXS,NASDAQ
SF,NYSE
MUX,NYSE
NSTG,NASDAQ
THQ,NYSE
ROM,NYSEARCA
GPN,NYSE
CTLT,NYSE
CHEF,NASDAQ
ZIXI,NASDAQ
AZUL,NYSE
CMCSA,NASDAQ
OPY,NYSE
ACGL,NASDAQ
FIXD,NASDAQ
JQC,NYSE
BY,NYSE
USA,NYSE
MNTA,NASDAQ
REGN,NASDAQ
PRO,NYSE
NOV,NYSE
VICI,NYSE
JKG,NYSEARCA
SKM,NYSE
CAG,NYSE
ALXN,NASDAQ
VGT,NYSEARCA
TSI,NYSE
NHF,NYSE
FIW,NYSEARCA
DAN,NYSE
GEO,NYSE
BAND,NASDAQ
CSLT,NYSE
NEWT,NASDAQ
CIB,NYSE
PBP,NYSEARCA
NXJ,NYSE
AHH,NYSE
REM,CBOE
SNPS,NASDAQ
FDEU,NYSE
VAR,NYSE
CWH,NYSE
IMO,NYSE
LN,NYSE
SCHA,NYSEARCA
ACRE,NYSE
SRT,NYSE
WOR,NYSE
AZRE,NYSE
CUK,NYSE
MIC,NYSE
ABEO,NASDAQ
HTLD,NASDAQ
BFS,NYSE
QDF,NYSEARCA
APPN,NASDAQ
QRVO,NASDAQ
SCHF,NYSEARCA
KBWB,NASDAQ
LECO,NASDAQ
MGEE,NASDAQ
LLNW,NASDAQ
VFC,NYSE
STL,NYSE
ALBO,NASDAQ
DHIL,NASDAQ
TRGP,NYSE
MOAT,NYSEARCA
IBDQ,NYSEARCA
CEN,NYSE
NUV,NYSE
ECH,CBOE
PEBO,NASDAQ
CBOE,AMEX
CF,NYSE
MMS,NYSE
ATI,NYSE
UEC,NYSE
IESC,NASDAQ
FMBI,NASDAQ
TTC,NYSE
HY,NYSE
VEDL,NYSE
PSCT,NASDAQ
XLV,NYSEARCA
ETV,NYSE
BRK.B,NYSE
WRE,NYSE
BTO,NYSE
KN,NYSE
NBR,NYSE
MCO,NYSE
MCRI,NASDAQ
QDEL,NASDAQ
HP,NYSE
CNO,NYSE
IBCP,NASDAQ
AQN,NYSE
FNLC,NASDAQ
BSTC,NASDAQ
BOE,NYSE
TBPH,NASDAQ
URTH,NYSEARCA
WB,NASDAQ
ECC,NYSE
HMN,NYSE
MX,NYSE
GVA,NYSE
PNC,NYSE
PRQR,NASDAQ
RNP,NYSE
MCS,NYSE
MLPA,NYSEARCA
GSS,NYSE
NGVT,NYSE
WEX,NYSE
VONV,NASDAQ
FARM,NASDAQ
SHEN,NASDAQ
GPS,NYSE
HYLB,NYSEARCA
AYX,NYSE
JILL,NYSE
VECO,NASDAQ
THO,NYSE
RDFN,NASDAQ
RVT,NYSE
RGA,NYSE
EFAV,CBOE
BNS,NYSE
CHY,NASDAQ
DVY,NASDAQ
BTI,NYSE
SAN,NYSE
TTI,NYSE
FFIV,NASDAQ
EMHY,CBOE
FMX,NYSE
HSY,NYSE
TLH,NYSEARCA
LRGF,NYSEARCA
AXTA,NYSE
JKF,NYSEARCA
PAM,NYSE
CLDT,NYSE
AVAV,NASDAQ
AIRT,NASDAQ
NTR,NYSE
GLD,NYSEARCA
CHN,NYSE
BATRK,NASDAQ
CNP,NYSE
CARS,NYSE
MIDD,NASDAQ
SEIC,NASDAQ
BDGE,NASDAQ
BPMP,NYSE
BNED,NYSE
SHV,NASDAQ
SQM,NYSE
VC,NASDAQ
MAA,NYSE
PZA,NYSEARCA
AWR,NYSE
EMB,NASDAQ
HQH,NYSE
FGEN,NASDAQ
LOPE,NASDAQ
VVV,NYSE
MD,NYSE
FXU,NYSEARCA
AGGY,NYSEARCA
BBH,NASDAQ
DRQ,NYSE
OBSV,NASDAQ
AWI,NYSE
DXCM,NASDAQ
BEAT,NASDAQ
DEA,NYSE
MOBL,NASDAQ
TRN,NYSE
ALG,NYSE
SPYV,NYSEARCA
PWZ,NYSEARCA
SBBP,NASDAQ
HUM,NYSE
ALLE,NYSE
VOX,NYSEARCA
OMCL,NASDAQ
LOGI,NASDAQ
WTBA,NASDAQ
TCBI,NASDAQ
PARR,NYSE
CCU,NYSE
OFC,NYSE
RRD,NYSE
IUSB,NASDAQ
SPOK,NASDAQ
FCX,NYSE
NCV,NYSE
HAE,NYSE
MG,NYSE
NATI,NASDAQ
HI,NYSE
ANET,NYSE
COTY,NYSE
FNDX,NYSEARCA
FNDE,NYSEARCA
HTGC,NYSE
GTN,NYSE
NET,NYSE
HHC,NYSE
ICPT,NASDAQ
FSD,NYSE
NUM,NYSE
TIP,NYSEARCA
KOS,NYSE
CSTM,NYSE
TILT,NYSEARCA
ANH,NYSE
ENVA,NYSE
SHE,NYSEARCA
CROX,NASDAQ
ACOR,NASDAQ
JNK,NYSEARCA
MELI,NASDAQ
AJG,NYSE
MCK,NYSE
FISI,NASDAQ
WWD,NASDAQ
EDV,NYSEARCA
ROL,NYSE
CLNE,NASDAQ
ETN,NYSE
DWAS,NASDAQ
BPY,NASDAQ
AR,NYSE
MITK,NASDAQ
DKS,NYSE
SCSC,NASDAQ
STRA,NASDAQ
UTG,NYSE
PFS,NYSE
TPL,NYSE
NVMI,NASDAQ
FTV,NYSE
IIPR,NYSE
SJR,NYSE
OMI,NYSE
MDP,NYSE
GRFS,NASDAQ
JD,NASDAQ
AU,NYSE
SGMO,NASDAQ
MYI,NYSE
CURO,NYSE
ADUS,NASDAQ
MAV,NYSE
FMNB,NASDAQ
MITT,NYSE
AMBA,NASDAQ
SCJ,NYSEARCA
TPIC,NASDAQ
JPC,NYSE
NFRA,NYSEARCA
SBCF,NASDAQ
OMER,NASDAQ
NODK,NASDAQ
RBCAA,NASDAQ
UMPQ,NASDAQ
DKL,NYSE
ADPT,NYSE
SCHN,NASDAQ
RIG,NYSE
SSTI,NASDAQ
DXPE,NASDAQ
DX,NYSE
EWC,NYSEARCA
IFRX,NASDAQ
FE,NYSE
SC,NYSE
ATRI,NASDAQ
SENEB,NASDAQ
TTMI,NASDAQ
NTAP,NASDAQ
SWM,NYSE
BA,NYSE
MJCO,NYSE
CTAS,NASDAQ
CPK,NYSE
RLGT,NYSE
YUMC,NYSE
CBPO,NASDAQ
RGLD,NASDAQ
BYD,NYSE
FL,NYSE
FUN,NYSE
CEF,NYSEARCA
APTS,NYSE
FIEE,NYSEARCA
HA,NASDAQ
ERUS,NYSEARCA
MOH,NYSE
NSSC,NASDAQ
SFUN,NYSE
IBM,NYSE
GIM,NYSE
VAW,NYSEARCA
ATCO,NYSE
FND,NYSE
PEI,NYSE
CMS,NYSE
ASPS,NASDAQ
KBH,NYSE
UBP,NYSE
SIEB,NASDAQ
ALK,NYSE
EBSB,NASDAQ
AN,NYSE
CPLP,NASDAQ
NXQ,NYSE
ALEX,NYSE
TRU,NYSE
ERX,NYSEARCA
AVGO,NASDAQ
PWB,NYSEARCA
OLED,NASDAQ
SFBS,NASDAQ
PFLT,NASDAQ
COWN,NASDAQ
TMHC,NYSE
WRI,NYSE
CL,NYSE
GOGO,NASDAQ
ARTW,NASDAQ
TRMD,NASDAQ
TRST,NASDAQ
DGX,NYSE
COO,NYSE
CPG,NYSE
RNR,NYSE
DNP,NYSE
EEMA,NASDAQ
TSLA,NASDAQ
SIEN,NASDAQ
MGLN,NASDAQ
BNFT,NASDAQ
SJI,NYSE
SLGN,NASDAQ
IYE,NYSEARCA
XAR,NYSEARCA
IDXX,NASDAQ
AES,NYSE
SCZ,NASDAQ
AVCT,NASDAQ
HYD,NYSEARCA
TDTT,NYSEARCA
BGSF,NYSE
BC,NYSE
BIB,NASDAQ
AMCX,NASDAQ
WPX,NYSE
GNW,NYSE
EFG,CBOE
MANT,NASDAQ
ALGT,NASDAQ
ARA,NYSE
CORP,NYSEARCA
FBND,NYSEARCA
DXJ,NYSEARCA
FSTR,NASDAQ
WM,NYSE
ACWX,NASDAQ
UNP,NYSE
PEG,NYSE
LZB,NYSE
LQD,NYSEARCA
RF,NYSE
VTIP,NASDAQ
GRVY,NASDAQ
DZSI,NASDAQ
CHSCO,NASDAQ
VHT,NYSEARCA
XLRN,NASDAQ
PE,NYSE
ABEV,NYSE
WSBC,NASDAQ
DB,NYSE
ASX,NYSE
PFM,NASDAQ
OI,NYSE
KAR,NYSE
EVG,NYSE
RGEN,NASDAQ
EXLS,NASDAQ
MVT,NYSE
EVRI,NYSE
CAPL,NYSE
NVCR,NASDAQ
OR,NYSE
IRMD,NASDAQ
SRE,NYSE
SID,NYSE
IDLV,NYSEARCA
JCAP,NYSE
YNDX,NASDAQ
TR,NYSE
TPRE,NYSE
ADI,NASDAQ
NMM,NYSE
AME,NYSE
EBND,NYSEARCA
KOF,NYSE
BRFS,NYSE
TRQ,NYSE
ONDK,NYSE
GIS,NYSE
SMFG,NYSE
AGG,NYSEARCA
EXPR,NYSE
TSEM,NASDAQ
UFPI,NASDAQ
ESRT,NYSE
CLF,NYSE
NBB,NYSE
WSO,NYSE
CXP,NYSE
PSA,NYSE
KDMN,NYSE
MRNA,NASDAQ
FRC,NYSE
MIXT,NYSE
CPHC,NASDAQ
MOFG,NASDAQ
AEIS,NASDAQ
RPG,NYSEARCA
MMD,NYSE
ORI,NYSE
FTC,NASDAQ
MYOV,NYSE
FORM,NASDAQ
RLJ,NYSE
IWV,NYSEARCA
IGOV,NASDAQ
BDX,NYSE
CTRN,NASDAQ
OXM,NYSE
CVA,NYSE
AKCA,NASDAQ
NEO,NASDAQ
LX,NASDAQ
GOF,NYSE
CDLX,NASDAQ
LHCG,NASDAQ
SJW,NYSE
PGF,NYSEARCA
TQQQ,NASDAQ
INBK,NASDAQ
NEXA,NYSE
FMBH,NASDAQ
EIDO,NYSEARCA
SRPT,NASDAQ
TPX,NYSE
TRTX,NYSE
EMD,NYSE
POST,NYSE
IBDL,NYSEARCA
EGP,NYSE
TVTY,NASDAQ
DJCO,NASDAQ
MTB,NYSE
EUFN,NASDAQ
PTEN,NASDAQ
SR,NYSE
BOH,NYSE
FATE,NASDAQ
OGS,NYSE
IPHI,NYSE
NOW,NYSE
BKSC,NASDAQ
GBT,NASDAQ
SYBX,NASDAQ
IIM,NYSE
TUR,NASDAQ
IXC,NYSEARCA
MTCH,NASDAQ
TARO,NYSE
QABA,NASDAQ
KMB,NYSE
CSGP,NASDAQ
SUB,NYSEARCA
TKR,NYSE
ALE,NYSE
ZYME,NYSE
FNKO,NASDAQ
BSCN,NYSEARCA
TPC,NYSE
SMH,NYSEARCA
NSA,NYSE
BDSI,NASDAQ
FIS,NYSE
CUZ,NYSE
KIO,NYSE
RIO,NYSE
TWI,NYSE
HFXI,NYSEARCA
BHLB,NYSE
TECK,NYSE
LIND,NASDAQ
GCI,NYSE
EOI,NYSE
SPTS,NYSEARCA
IYF,NYSEARCA
RGI,NYSEARCA
NMZ,NYSE
VOO,NYSEARCA
SPN,NYSE
MCFT,NASDAQ
XENT,NASDAQ
PHB,NYSEARCA
GRAM,NYSE
HMHC,NASDAQ
HYLS,NASDAQ
RA,NYSE
FARO,NASDAQ
XT,NASDAQ
HYS,NYSEARCA
ADTN,NASDAQ
NTP,NYSE
WOW,NYSE
VER,NYSE
PHI,NYSE
EROS,NYSE
TPH,NYSE
SCHG,NYSEARCA
VXUS,NASDAQ
PDN,NYSEARCA
POOL,NASDAQ
WSR,NYSE
DNKN,NASDAQ
DLR,NYSE
GSH,NYSE
VBR,NYSEARCA
HOG,NYSE
HOMB,NASDAQ
CYBR,NASDAQ
VOT,NYSEARCA
GSG,NYSEARCA
TEN,NYSE
SCHV,NYSEARCA
MCR,NYSE
MTD,NYSE
ACIA,NASDAQ
ETFC,NASDAQ
HIW,NYSE
BLBD,NASDAQ
PTY,NYSE
SUM,NYSE
VNTR,NYSE
TRIP,NASDAQ
NFBK,NASDAQ
SGMS,NASDAQ
HDB,NYSE
MBB,NASDAQ
PDCO,NASDAQ
USB,NYSE
MASI,NASDAQ
AIF,NYSE
SCD,NYSE
ZS,NASDAQ
BRKS,NASDAQ
OFLX,NASDAQ
HURN,NASDAQ
FHB,NASDAQ
NEWR,NYSE
YINN,NYSEARCA
GSBC,NASDAQ
BPFH,NASDAQ
ARWR,NASDAQ
NKTR,NASDAQ
ON,NASDAQ
BLV,NYSEARCA
WTI,NYSE
MTRX,NASDAQ
ACHC,NASDAQ
PIM,NYSE
MO,NYSE
DJP,NYSEARCA
FOXA,NASDAQ
RYTM,NASDAQ
GCBC,NASDAQ
IRM,NYSE
AMBC,NASDAQ
BBX,NYSE
LXP,NYSE
GRMN,NASDAQ
FLQE,NYSEARCA
RWL,NYSEARCA
RPD,NASDAQ
KBE,NYSEARCA
OSB,NYSE
DIV,NYSEARCA
VTN,NYSE
KB,NYSE
GORO,NYSE
MMT,NYSE
DLNG,NYSE
NWFL,NASDAQ
SGC,NASDAQ
COUP,NASDAQ
BHK,NYSE
BR,NYSE
MESO,NASDAQ
G,NYSE
BLDR,NASDAQ
LBRDK,NASDAQ
ATHM,NYSE
CCO,NYSE
BBVA,NYSE
VNO,NYSE
SLRC,NASDAQ
BWG,NYSE
LTRPA,NASDAQ
NWL,NYSE
ODT,NASDAQ
THW,NYSE
NFG,NYSE
DCOM,NASDAQ
MYGN,NASDAQ
MET,NYSE
PPLT,NYSEARCA
OUSA,NYSEARCA
GCAP,NYSE
KIM,NYSE
YIN,NASDAQ
MNST,NASDAQ
GDDY,NYSE
EL,NYSE
KRE,NYSEARCA
IYM,NYSEARCA
AZZ,NYSE
QTS,NYSE
MEN,NYSE
CSL,NYSE
UMC,NYSE
SPWR,NASDAQ
QCOM,NASDAQ
TECL,NYSEARCA
IYG,NYSEARCA
WSC,NASDAQ
LPI,NYSE
SUI,NYSE
CLS,NYSE
SPTM,NYSEARCA
NFJ,NYSE
IPAY,NYSEARCA
AOK,NYSEARCA
USLM,NASDAQ
RMBS,NASDAQ
CUBI,NYSE
PCEF,NYSEARCA
CHTR,NASDAQ
KKR,NYSE
VFH,NYSEARCA
RCS,NYSE
BKU,NYSE
LULU,NASDAQ
CM,NYSE
IQDF,NYSEARCA
IGHG,CBOE
KNOP,NYSE
CLVS,NASDAQ
ITRI,NASDAQ
ATGE,NYSE
EGAN,NASDAQ
NERV,NASDAQ
CRHM,NYSE
REDU,NASDAQ
VPL,NYSEARCA
MDC,NYSE
CRS,NYSE
FOXF,NASDAQ
PATK,NASDAQ
INSG,NASDAQ
EQT,NYSE
BKT,NYSE
THFF,NASDAQ
IAT,NYSEARCA
APD,NYSE
OAS,NYSE
HIMX,NASDAQ
NOC,NYSE
SIFY,NASDAQ
DBC,NYSEARCA
COLM,NASDAQ
NEAR,CBOE
CNHI,NYSE
CO,NYSE
PKG,NYSE
CX,NYSE
FEDU,NYSE
BBSI,NASDAQ
DQ,NYSE
WNC,NYSE
THC,NYSE
LANC,NASDAQ
EXR,NYSE
YEXT,NYSE
CRTO,NASDAQ
SPXX,NYSE
UN,NYSE
UCBI,NASDAQ
NWPX,NASDAQ
OCSL,NASDAQ
GPC,NYSE
EXPO,NASDAQ
SBUX,NASDAQ
ATVI,NASDAQ
UFI,NYSE
MRUS,NASDAQ
HAFC,NASDAQ
TORC,NASDAQ
IVR,NYSE
BGH,NYSE
PFGC,NYSE
BTZ,NYSE
MTSC,NASDAQ
MYJ,NYSE
COKE,NASDAQ
CSQ,NASDAQ
SRCE,NASDAQ
SBNY,NASDAQ
MNRO,NASDAQ
EBAY,NASDAQ
AFL,NYSE
IGV,CBOE
TGH,NYSE
SNCR,NASDAQ
BOND,NYSEARCA
FXN,NYSEARCA
MFEM,NYSEARCA
SRCL,NASDAQ
IBOC,NASDAQ
MUB,NYSEARCA
PLYA,NASDAQ
VIPS,NYSE
AMEH,NASDAQ
CRBN,NYSEARCA
KRG,NYSE
AXDX,NASDAQ
MSBI,NASDAQ
SLM,NASDAQ
ACIW,NASDAQ
CAAP,NYSE
PLD,NYSE
REI,NYSE
B,NYSE
PBR,NYSE
IRS,NYSE
ETB,NYSE
WEYS,NASDAQ
ZLAB,NASDAQ
SHLX,NYSE
SLB,NYSE
WNEB,NASDAQ
NEU,NYSE
MPX,NYSE
NICE,NASDAQ
ECPG,NASDAQ
TGS,NYSE
NR,NYSE
ACWI,NASDAQ
NWE,NYSE
STKL,NASDAQ
ANSS,NASDAQ
GS,NYSE
OMP,NYSE
HIBB,NASDAQ
MOS,NYSE
GDX,NYSEARCA
HPP,NYSE
LEA,NYSE
MMSI,NASDAQ
HBNC,NASDAQ
NXP,NYSE
SGA,NASDAQ
GPRO,NASDAQ
HAIN,NASDAQ
TECH,NASDAQ
PAYC,NYSE
IUSV,NASDAQ
AVB,NYSE
GOGL,NASDAQ
MSA,NYSE
KMDA,NASDAQ
XHE,NYSEARCA
RUTH,NASDAQ
DTN,NYSEARCA
CATC,NASDAQ
ISRG,NASDAQ
GSK,NYSE
ARE,NYSE
PJT,NYSE
SD,NYSE
NCA,NYSE
TCS,NYSE
TRS,NASDAQ
CRK,NYSE
PRK,NYSE
DLTR,NASDAQ
IWF,NYSEARCA
RODM,NYSEARCA
RILY,NASDAQ
GXC,NYSEARCA
BECN,NASDAQ
MPB,NASDAQ
ROCK,NASDAQ
SPSC,NASDAQ
RHS,NYSEARCA
OKE,NYSE
EPR,NYSE
ZBRA,NASDAQ
ARDC,NYSE
UNG,NYSEARCA
IRBT,NASDAQ
AEM,NYSE
SLAB,NASDAQ
ABR,NYSE
NTLA,NASDAQ
NATH,NASDAQ
SDIV,NYSEARCA
SNDR,NYSE
MAC,NYSE
NCLH,NYSE
NMR,NYSE
SAH,NYSE
BFRA,NASDAQ
HURC,NASDAQ
MVF,NYSE
FV,NASDAQ
ETY,NYSE
SBLK,NASDAQ
ECON,NYSEARCA
ONEQ,NASDAQ
ALB,NYSE
SASR,NASDAQ
HTBI,NASDAQ
ATNI,NASDAQ
IFV,NASDAQ
KRC,NYSE
HOLX,NASDAQ
HTZ,NYSE
TEO,NYSE
AXS,NYSE
CQQQ,NYSEARCA
OMAB,NASDAQ
HEES,NASDAQ
KRYS,NASDAQ
PETQ,NASDAQ
CMA,NYSE
ERIC,NASDAQ
CRVL,NASDAQ
ESGD,NASDAQ
DEO,NYSE
PNNT,NASDAQ
FICO,NYSE
NAV,NYSE
HIX,NYSE
EPZM,NASDAQ
ASH,NYSE
IRWD,NASDAQ
PRAH,NASDAQ
FHN,NYSE
MQY,NYSE
AKBA,NASDAQ
MRCY,NASDAQ
VRA,NASDAQ
GERN,NASDAQ
CZZ,NYSE
RXN,NYSE
VYGR,NASDAQ
GOLF,NYSE
SYY,NYSE
TBF,NYSEARCA
GILD,NASDAQ
BIDU,NASDAQ
VLRS,NYSE
DMO,NYSE
ATRC,NASDAQ
FFG,NYSE
FLIR,NASDAQ
RDN,NYSE
CZR,NASDAQ
UNH,NYSE
HFC,NYSE
GMF,NYSEARCA
CUBE,NYSE
AVID,NASDAQ
HTLF,NASDAQ
ASND,NASDAQ
EWA,NYSEARCA
IYY,NYSEARCA
XPER,NASDAQ
AGCO,NYSE
RFI,NYSE
ERJ,NYSE
CARG,NASDAQ
TLTE,NYSEARCA
CEO,NYSE
YRD,NYSE
IEMG,NYSEARCA
ADAP,NASDAQ
NKX,NYSE
ADSW,NYSE
ESGR,NASDAQ
MGNX,NASDAQ
IHI,NYSEARCA
YTRA,NASDAQ
ARGX,NASDAQ
CIM,NYSE
FCN,NYSE
GLO,NYSE
DBA,NYSEARCA
CNTY,NASDAQ
FOX,NASDAQ
IPAC,NYSEARCA
BKE,NYSE
NYT,NYSE
PDM,NYSE
ISBC,NASDAQ
ADRO,NASDAQ
AZN,NYSE
CHE,NYSE
SMIN,CBOE
EUM,NYSEARCA
ES,NYSE
PHM,NYSE
TSE,NYSE
SPTL,NYSEARCA
IWM,NYSEARCA
SLYV,NYSEARCA
FYX,NASDAQ
GSV,NYSE
PPA,NYSEARCA
AMPH,NASDAQ
VCYT,NASDAQ
EES,NYSEARCA
DES,NYSEARCA
IWS,NYSEARCA
VST,NYSE
IMGN,NASDAQ
PTSI,NASDAQ
CABO,NYSE
ONEO,NYSEARCA
WLK,NYSE
CNCE,NASDAQ
ZM,NASDAQ
TNP,NYSE
DAR,NYSE
IDV,CBOE
MCB,NYSE
VMBS,NASDAQ
MTUM,CBOE
JBL,NYSE
CVY,NYSEARCA
LPLA,NASDAQ
NYCB,NYSE
CLX,NYSE
ANAT,NASDAQ
MGRC,NASDAQ
RDIB,NASDAQ
MTSI,NASDAQ
BBBY,NASDAQ
KW,NYSE
PANW,NYSE
EIM,NYSE
PAA,NYSE
CONN,NASDAQ
CUTR,NASDAQ
AFT,NYSE
PRF,NYSEARCA
WIW,NYSE
AMCR,NASDAQ
OIH,NYSEARCA
RMR,NASDAQ
PUMP,NYSE
HUD,NYSE
UVSP,NASDAQ
ISTR,NASDAQ
IGD,NYSE
F,NYSE
STLD,NASDAQ
AMSC,NASDAQ
ANGI,NASDAQ
CXO,NYSE
TWIN,NASDAQ
KMT,NYSE
SON,NYSE
SYNA,NASDAQ
FBNC,NASDAQ
DGII,NASDAQ
GBCI,NASDAQ
NRP,NYSE
ASYS,NASDAQ
CEL,NYSE
QTNT,NASDAQ
JBHT,NASDAQ
JRVR,NASDAQ
TFX,NYSE
RDWR,NASDAQ
XLNX,NASDAQ
AIA,NASDAQ
MAR,NASDAQ
BHF,NASDAQ
STNG,NYSE
PTR,NYSE
IPAR,NASDAQ
GBIL,NYSEARCA
IDEV,NYSEARCA
EWG,NYSEARCA
FDD,NYSEARCA
AOS,NYSE
BCE,NYSE
VSTM,NASDAQ
PGR,NYSE
MS,NYSE
SABR,NASDAQ
TK,NYSE
AIG,NYSE
CLDX,NASDAQ
PSC,NASDAQ
CCOI,NASDAQ
EOG,NYSE
ORC,NYSE
EGO,NYSE
HIG,NYSE
MTOR,NYSE
BLL,NYSE
ANGO,NASDAQ
GPX,NYSE
GRBK,NASDAQ
ABM,NYSE
PKE,NYSE
FI,NYSE
PRSC,NASDAQ
DSU,NYSE
BMY,NYSE
AMRB,NASDAQ
FNDC,NYSEARCA
IOVA,NASDAQ
EFV,CBOE
AOR,NYSEARCA
SHM,NYSEARCA
SPSM,NYSEARCA
UYG,NYSEARCA
TEL,NYSE
HGV,NYSE
SNP,NYSE
JHX,NYSE
DIM,NYSEARCA
UFCS,NASDAQ
BRX,NYSE
CTVA,NYSE
DE,NYSE
ITUB,NYSE
AHPI,NASDAQ
JKL,NYSEARCA
ICD,NYSE
WLTW,NASDAQ
WPRT,NASDAQ
BSL,NYSE
XXII,NYSE
TMUS,NASDAQ
NRG,NYSE
XHB,NYSEARCA
ELY,NYSE
BPOPN,NASDAQ
NS,NYSE
EMLP,NYSEARCA
RWX,NYSEARCA
SBS,NYSE
INGR,NYSE
TNA,NYSEARCA
PLNT,NYSE
VET,NYSE
MT,NYSE
SKYY,NASDAQ
CPSI,NASDAQ
FDBC,NASDAQ
ORAN,NYSE
MOD,NYSE
PAC,NYSE
CENTA,NASDAQ
IWC,NYSEARCA
IWP,NYSEARCA
FIT,NYSE
KSS,NYSE
KNX,NYSE
VRAY,NASDAQ
TDY,NYSE
RMAX,NYSE
BXMT,NYSE
FBMS,NASDAQ
ATNX,NASDAQ
DBEF,NYSEARCA
CALM,NASDAQ
HPF,NYSE
MC,NYSE
DOV,NYSE
RLI,NYSE
VG,NYSE
GIII,NASDAQ
ACV,NYSE
QLD,NYSEARCA
ESGE,NASDAQ
GM,NYSE
GTY,NYSE
TG,NYSE
CINF,NASDAQ
INFY,NYSE
VCSH,NASDAQ
RL,NYSE
ATSG,NASDAQ
TEAM,NASDAQ
SOHU,NASDAQ
VYM,NYSEARCA
IGT,NYSE
AERI,NASDAQ
HMSY,NASDAQ
RYAM,NYSE
FVRR,NYSE
CTB,NYSE
IVW,NYSEARCA
CPA,NYSE
CAJ,NYSE
JJSF,NASDAQ
FLR,NYSE
PAR,NYSE
NKE,NYSE
NOBL,CBOE
VO,NYSEARCA
IYR,NYSEARCA
BOCH,NASDAQ
PML,NYSE
TAL,NYSE
ABBV,NYSE
A,NYSE
TOT,NYSE
PENN,NASDAQ
CTSH,NASDAQ
SPXL,NYSEARCA
PSXP,NYSE
NOVT,NASDAQ
TMO,NYSE
VNQ,NYSEARCA
IUSG,NASDAQ
CBB,NYSE
ABG,NYSE
BNSO,NASDAQ
TZA,NYSEARCA
XYL,NYSE
EOD,NYSE
APAM,NYSE
KHC,NASDAQ
BIT,NYSE
TWLO,NYSE
MANU,NYSE
DG,NYSE
ENV,NYSE
AROW,NASDAQ
AXL,NYSE
WDFC,NASDAQ
CVI,NYSE
SEE,NYSE
AMU,NYSEARCA
LH,NYSE
RCM,NASDAQ
SYKE,NASDAQ
TMST,NYSE
WIT,NYSE
VRSN,NASDAQ
OGE,NYSE
INFO,NASDAQ
FRT,NYSE
CDW,NASDAQ
SPHD,NYSEARCA
TDS,NYSE
ST,NYSE
NEXT,NASDAQ
CCR,NYSE
FTXO,NASDAQ
BLUE,NASDAQ
GER,NYSE
GEF,NYSE
AHT,NYSE
GDV,NYSE
MUA,NYSE
ERIE,NASDAQ
WBA,NASDAQ
TAP,NYSE
CKH,NYSE
TPB,NYSE
FXL,NYSEARCA
BSCK,NYSEARCA
FLO,NYSE
DIS,NYSE
COHU,NASDAQ
RRC,NYSE
VSEC,NASDAQ
H,NYSE
DMLP,NASDAQ
TTGT,NASDAQ
TX,NYSE
BITA,NYSE
UNIT,NASDAQ
HQL,NYSE
JGH,NYSE
IYH,NYSEARCA
KREF,NYSE
BXC,NYSE
HUBG,NASDAQ
BLKB,NASDAQ
PSTG,NYSE
MLAB,NASDAQ
KEYS,NYSE
FDL,NYSEARCA
J,NYSE
ACER,NASDAQ
AEP,NYSE
HRB,NYSE
PPC,NASDAQ
SNBR,NASDAQ
JP,NYSE
MRVL,NASDAQ
IWD,NYSEARCA
EMF,NYSE
CLNC,NYSE
NLS,NYSE
AAON,NASDAQ
GILT,NASDAQ
VIRT,NASDAQ
GEN,NYSE
SBT,NASDAQ
AEY,NASDAQ
IYK,NYSEARCA
MEET,NASDAQ
CLGX,NYSE
PDCE,NASDAQ
PSO,NYSE
EFSC,NASDAQ
TEF,NYSE
WGO,NYSE
CSGS,NASDAQ
BVN,NYSE
EWQ,NYSEARCA
BSM,NYSE
INO,NASDAQ
IEX,NYSE
ODC,NYSE
UNF,NYSE
PID,NASDAQ
KEY,NYSE
AKR,NYSE
FMO,NYSE
EA,NASDAQ
JHG,NYSE
CDNS,NASDAQ
CME,NASDAQ
NMFC,NYSE
LUV,NYSE
RDVY,NASDAQ
TRUE,NASDAQ
GLTR,NYSEARCA
VGSH,NASDAQ
CNI,NYSE
ERC,NYSE
HRC,NYSE
HRL,NYSE
SOR,NYSE
MODN,NYSE
DD,NYSE
CBZ,NYSE
ADC,NYSE
SQ,NYSE
TNC,NYSE
HUN,NYSE
SNV,NYSE
AMT,NYSE
MUE,NYSE
BLE,NYSE
TRXC,NYSE
ALX,NYSE
TFC,NYSE
CCBG,NASDAQ
HVT,NYSE
VRTV,NYSE
DRI,NYSE
TS,NYSE
HCCI,NASDAQ
CSV,NYSE
RNST,NASDAQ
USFD,NYSE
CERN,NASDAQ
ACLS,NASDAQ
CMBS,NYSEARCA
HEFA,CBOE
ARKR,NASDAQ
IBA,NYSE
MDT,NYSE
YPF,NYSE
TWTR,NYSE
WETF,NASDAQ
BCPC,NASDAQ
CRSP,NASDAQ
IMAX,NYSE
GLOB,NYSE
GAB,NYSE
WPP,NYSE
BANC,NYSE
SWK,NYSE
FIDU,NYSEARCA
CXW,NYSE
FWRD,NASDAQ
NKSH,NASDAQ
PLOW,NYSE
FEZ,NYSEARCA
UHS,NYSE
HPQ,NYSE
VCV,NYSE
SYRS,NASDAQ
WTS,NYSE
GLRE,NASDAQ
GPM,NYSE
TMP,NYSE
BRO,NYSE
LEG,NYSE
VGM,NYSE
CHRS,NASDAQ
GOVT,CBOE
IMOS,NASDAQ
NSC,NYSE
CORT,NASDAQ
NFLX,NASDAQ
ARR,NYSE
HTRB,NYSEARCA
CVBF,NASDAQ
HLI,NYSE
MDU,NYSE
DGICB,NASDAQ
NVR,NYSE
AMAT,NASDAQ
DSI,NYSEARCA
DOCU,NASDAQ
FENY,NYSEARCA
MMI,NYSE
TSCO,NASDAQ
LCUT,NASDAQ
CVX,NYSE
VOYA,NYSE
HEI,NYSE
BRG,NYSE
SNLN,NASDAQ
CVLY,NASDAQ
DGRO,NYSEARCA
RFG,NYSEARCA
MBUU,NASDAQ
WAL,NYSE
HCSG,NASDAQ
NEPT,NASDAQ
MTN,NYSE
TTWO,NASDAQ
ENTG,NASDAQ
AGIO,NASDAQ
AYI,NYSE
AAME,NASDAQ
CADE,NYSE
SECO,NASDAQ
CBD,NYSE
AMWD,NASDAQ
ENSG,NASDAQ
BLW,NYSE
SYK,NYSE
BOOT,NYSE
NEA,NYSE
HEZU,NYSEARCA
ETJ,NYSE
STMP,NASDAQ
MU,NASDAQ
CTT,NYSE
XLG,NYSEARCA
ACTG,NASDAQ
APTV,NYSE
BST,NYSE
CIA,NYSE
SCHC,NYSEARCA
SE,NYSE
HOME,NYSE
BREW,NASDAQ
AI,NYSE
ILPT,NASDAQ
KE,NASDAQ
HES,NYSE
GNTY,NASDAQ
EPOL,NYSEARCA
ENB,NYSE
BMI,NYSE
AJRD,NYSE
CARV,NASDAQ
UCTT,NASDAQ
HLF,NYSE
MNA,NYSEARCA
NWS,NASDAQ
TCMD,NASDAQ
RZG,NYSEARCA
ALSK,NASDAQ
PCYO,NASDAQ
ANIP,NASDAQ
BWFG,NASDAQ
AMGN,NASDAQ
VOOG,NYSEARCA
IGM,NYSEARCA
EGOV,NASDAQ
AUPH,NASDAQ
RACE,NYSE
IXUS,NASDAQ
FCCY,NASDAQ
NQP,NYSE
DBD,NYSE
SPYD,NYSEARCA
AVEO,NASDAQ
USCR,NASDAQ
NL,NYSE
EBS,NYSE
PSMT,NASDAQ
OGCP,NYSEARCA
HCA,NYSE
SEAS,NYSE
CWT,NYSE
AEE,NYSE
MMLP,NASDAQ
MRCC,NASDAQ
MEOH,NASDAQ
PRMW,NASDAQ
OSBC,NASDAQ
EBR,NYSE
SQQQ,NASDAQ
SAP,NYSE
LBRDA,NASDAQ
AMSF,NASDAQ
STT,NYSE
IHE,NYSEARCA
PDI,NYSE
WINS,NASDAQ
IEV,NYSEARCA
SIRI,NASDAQ
MBT,NYSE
DDD,NYSE
SPGI,NYSE
ARCO,NYSE
SAFT,NASDAQ
GNTX,NASDAQ
CW,NYSE
AGI,NYSE
SENEA,NASDAQ
BWX,NYSEARCA
FANH,NASDAQ
ATRO,NASDAQ
SWX,NYSE
BZUN,NASDAQ
NNBR,NASDAQ
TITN,NASDAQ
MCBC,NASDAQ
FR,NYSE
SMP,NYSE
XEL,NASDAQ
IRDM,NASDAQ
FIX,NYSE
FRGI,NASDAQ
HUBB,NYSE
POWL,NASDAQ
AGO,NYSE
VDC,NYSEARCA
NYMT,NASDAQ
WOOD,NASDAQ
CZA,NYSEARCA
JPM,NYSE
RPAI,NYSE
HYMB,NYSEARCA
CDNA,NASDAQ
EWZ,NYSEARCA
UE,NYSE
DWX,NYSEARCA
SO,NYSE
FLQL,CBOE
KRO,NYSE
AIT,NYSE
SKY,NYSE
DCO,NYSE
OCSI,NASDAQ
UVE,NYSE
PEO,NYSE
RAVI,NYSEARCA
FLY,NYSE
BSCO,NYSEARCA
COR,NYSE
SILC,NASDAQ
PDP,NASDAQ
CIO,NYSE
NLY,NYSE
ETG,NYSE
BKK,NYSE
BSCL,NYSEARCA
JKD,NYSEARCA
MYE,NYSE
BYSI,NASDAQ
DUK,NYSE
TGI,NYSE
TD,NYSE
NUE,NYSE
FEM,NASDAQ
VSS,NYSEARCA
AMN,NYSE
VUSE,NYSEARCA
AMG,NYSE
WMGI,NASDAQ
WEN,NASDAQ
STC,NYSE
ATH,NYSE
PVG,NYSE
EV,NYSE
DL,NYSE
IVLU,NYSEARCA
WST,NYSE
BBY,NYSE
AMOT,NASDAQ
CNBKA,NASDAQ
SEB,NYSE
ARES,NYSE
EE,NYSE
EYE,NASDAQ
DDOG,NASDAQ
IONS,NASDAQ
DESP,NYSE
CE,NYSE
RUSHB,NASDAQ
NVS,NYSE
EAD,NYSE
SPY,NYSEARCA
SPLP,NYSE
CGBD,NASDAQ
XLE,NYSEARCA
NNI,NYSE
PLCE,NASDAQ
VIOO,NYSEARCA
BHVN,NYSE
ITRN,NASDAQ
ADP,NASDAQ
GMS,NYSE
AC,NYSE
WLFC,NASDAQ
SIVB,NASDAQ
SGU,NYSE
GME,NYSE
OIS,NYSE
BOX,NYSE
SHY,NASDAQ
VLY,NASDAQ
BELFA,NASDAQ
FLWS,NASDAQ
EHI,NYSE
PPH,NASDAQ
ACH,NYSE
RTX,NYSE
BPOP,NASDAQ
BFZ,NYSE
CSA,NASDAQ
BGS,NYSE
AMD,NASDAQ
LGIH,NASDAQ
NGS,NYSE
KAMN,NYSE
NDLS,NASDAQ
FDN,NYSEARCA
VRNS,NASDAQ
POR,NYSE
IWN,NYSEARCA
ULH,NASDAQ
EQBK,NASDAQ
VSLR,NYSE
VKI,NYSE
ICUI,NASDAQ
SPXC,NYSE
PYPL,NASDAQ
EXTN,NYSE
SMBK,NASDAQ
VOD,NASDAQ
ACBI,NASDAQ
OUT,NYSE
PNQI,NASDAQ
PUK,NYSE
DIOD,NASDAQ
FLXN,NASDAQ
INVH,NYSE
PLPC,NASDAQ
UNVR,NYSE
BHP,NYSE
CBT,NYSE
PI,NASDAQ
EMO,NYSE
RMD,NYSE
ICVT,CBOE
NHC,NYSE
IYW,NYSEARCA
TDC,NYSE
WERN,NASDAQ
GTHX,NASDAQ
LMNR,NASDAQ
FDS,NYSE
NIE,NYSE
QQQ,NASDAQ
WAB,NYSE
PTCT,NASDAQ
XRT,NYSEARCA
MED,NYSE
SXI,NYSE
EXK,NYSE
CCF,NYSE
EHC,NYSE
HUBS,NYSE
TXMD,NASDAQ
CRMT,NASDAQ
MSGN,NYSE
UFPT,NASDAQ
CLI,NYSE
EWY,NYSEARCA
CAI,NYSE
VMW,NYSE
RSP,NYSEARCA
ADSK,NASDAQ
NDAQ,NASDAQ
AIZ,NYSE
BSQR,NASDAQ
PACW,NASDAQ
AVA,NYSE
CCLP,NASDAQ
BGNE,NASDAQ
SKX,NYSE
GHY,NYSE
BXMX,NYSE
CR,NYSE
SMTC,NASDAQ
GIB,NYSE
KBR,NYSE
EW,NYSE
CBRL,NASDAQ
ADMS,NASDAQ
VV,NYSEARCA
SWN,NYSE
GNMK,NASDAQ
JRS,NYSE
DVAX,NASDAQ
HYT,NYSE
AROC,NYSE
DXC,NYSE
WTM,NYSE
ECOM,NYSE
TLTD,NYSEARCA
BKLN,NYSEARCA
HACK,NYSEARCA
BBN,NYSE
BIO,NYSE
PFF,NASDAQ
NEN,NYSE
IGF,NASDAQ
HBB,NYSE
ITCI,NASDAQ
ONE,NYSE
ERF,NYSE
HCM,NASDAQ
PFG,NASDAQ
SPAB,NYSEARCA
URGN,NASDAQ
NWN,NYSE
ASHR,NYSEARCA
MGIC,NASDAQ
LAWS,NASDAQ
SNA,NYSE
MEI,NYSE
GII,NYSEARCA
CLAR,NASDAQ
GHC,NYSE
AEL,NYSE
WRB,NYSE
AWRE,NASDAQ
SPLV,NYSEARCA
HOLI,NASDAQ
IDCC,NASDAQ
FMB,NASDAQ
TFI,NYSEARCA
MNOV,NASDAQ
UEPS,NASDAQ
ABC,NYSE
ELP,NYSE
GPI,NYSE
MLHR,NASDAQ
IDOG,NYSEARCA
KRP,NYSE
PMF,NYSE
HEWG,NASDAQ
AIMC,NASDAQ
KELYB,NASDAQ
KALV,NASDAQ
CAMT,NASDAQ
RP,NASDAQ
GLW,NYSE
SAVE,NYSE
BERY,NYSE
CCJ,NYSE
SPLB,NYSEARCA
HMY,NYSE
MMU,NYSE
XLF,NYSEARCA
BGR,NYSE
SCHR,NYSEARCA
AGNC,NASDAQ
BAP,NYSE
SUPV,NYSE
SGOL,NYSEARCA
HPI,NYSE
CELC,NASDAQ
XLY,NYSEARCA
CG,NASDAQ
TDF,NYSE
NBH,NYSE
PLSE,NASDAQ
NMRK,NASDAQ
LTC,NYSE
ARNA,NASDAQ
MRC,NYSE
QEMM,NYSEARCA
DWM,NYSEARCA
NTG,NYSE
FB,NASDAQ
LSI,NYSE
FLOW,NYSE
AVK,NYSE
RBA,NYSE
HSBC,NYSE
BTT,NYSE
AVT,NASDAQ
DHY,NYSE
SAFE,NYSE
NCZ,NYSE
PINC,NASDAQ
GOLD,NASDAQ
EQC,NYSE
SCS,NYSE
LEN,NYSE
VBTX,NASDAQ
HZNP,NASDAQ
MGA,NYSE
GCO,NYSE
MSEX,NASDAQ
C,NYSE
MDYV,NYSEARCA
RQI,NYSE
USNA,NYSE
GLP,NYSE
NOAH,NYSE
IPG,NYSE
GNRC,NYSE
VRTX,NASDAQ
ETM,NYSE
NHTC,NASDAQ
NRZ,NYSE
SCHK,NYSEARCA
LVS,NYSE
FNHC,NASDAQ
QD,NYSE
LMT,NYSE
KIDS,NASDAQ
AL,NYSE
ALRM,NASDAQ
MINT,NYSEARCA
KYN,NYSE
TILE,NASDAQ
MA,NYSE
IEI,NASDAQ
RJF,NYSE
INTC,NASDAQ
UHT,NYSE
BMRN,NASDAQ
TSLX,NYSE
GTES,NYSE
SBRA,NASDAQ
TFSL,NASDAQ
IAC,NASDAQ
CMI,NYSE
GPMT,NYSE
ADCT,NYSE
APEI,NASDAQ
JPS,NYSE
REGI,NASDAQ
GPRE,NASDAQ
COLL,NASDAQ
ELF,NYSE
RCI,NYSE
SNE,NYSE
SONA,NASDAQ
FRBK,NASDAQ
AVTR,NYSE
NXST,NASDAQ
COLD,NYSE
SHYG,NYSEARCA
PPR,NYSE
FIVE,NASDAQ
ALLY,NYSE
RCKT,NASDAQ
AA,NYSE
CNMD,NASDAQ
IWY,NYSEARCA
MMM,NYSE
AAPL,NASDAQ
PDFS,NASDAQ
ODFL,NASDAQ
HAS,NASDAQ
AKAM,NASDAQ
MFGP,NYSE
QYLD,NASDAQ
BDN,NYSE
PBA,NYSE
WMS,NYSE
CEM,NYSE
CSWC,NASDAQ
FBT,NYSEARCA
ESNT,NYSE
XNET,NASDAQ
CAH,NYSE
PDLI,NASDAQ
PFN,NYSE
CTBI,NASDAQ
MHK,NYSE
DMRL,NYSEARCA
BGY,NYSE
PRTA,NASDAQ
GRA,NYSE
VIS,NYSEARCA
GTE,NYSE
MDGL,NASDAQ
RELX,NYSE
VREX,NASDAQ
PTH,NASDAQ
TEVA,NYSE
INDY,NASDAQ
AXTI,NASDAQ
TSN,NYSE
JFR,NYSE
USM,NYSE
ACWV,CBOE
RDI,NASDAQ
WDAY,NASDAQ
IPKW,NASDAQ
NXRT,NYSE
UBSI,NASDAQ
VTWG,NASDAQ
LRN,NYSE
ADVM,NASDAQ
TNDM,NASDAQ
NEOG,NASDAQ
VIG,NYSEARCA
INOV,NASDAQ
INFN,NASDAQ
LKQ,NASDAQ
JKJ,NYSEARCA
LIVN,NASDAQ
NVO,NYSE
COHR,NASDAQ
DCI,NYSE
RAD,NYSE
FAF,NYSE
NESR,NASDAQ
TRP,NYSE
EWH,NYSEARCA
BLK,NYSE
CSCO,NASDAQ
PFBC,NASDAQ
MGP,NYSE
ACC,NYSE
NRO,NYSE
XELA,NASDAQ
EGBN,NASDAQ
OLN,NYSE
LII,NYSE
FIF,NYSE
IVOO,NYSEARCA
GPP,NASDAQ
EWP,NYSEARCA
PMM,NYSE
ASB,NYSE
TGNA,NYSE
JKH,NYSEARCA
FWONK,NASDAQ
TAC,NYSE
GLYC,NASDAQ
KIN,NASDAQ
BKR,NYSE
JBLU,NASDAQ
GGG,NYSE
ICSH,CBOE
CPAC,NYSE
VXF,NYSEARCA
LCNB,NASDAQ
AOSL,NASDAQ
KPTI,NASDAQ
MFM,NYSE
CNXN,NASDAQ
AEZS,NASDAQ
E,NYSE
WPC,NYSE
PBT,NYSE
STX,NASDAQ
DISCB,NASDAQ
HALO,NASDAQ
HSII,NASDAQ
CINR,NYSE
CPRX,NASDAQ
FUTY,NYSEARCA
RE,NYSE
ICHR,NASDAQ
MUR,NYSE
DSL,NYSE
ENIC,NYSE
BBL,NYSE
SNY,NYSE
LMAT,NASDAQ
WIP,NYSEARCA
RSX,NYSEARCA
IQI,NYSE
RNG,NYSE
CHL,NYSE
BKH,NYSE
SMDV,CBOE
HONE,NASDAQ
VNDA,NASDAQ
CI,NYSE
VT,NYSEARCA
FCF,NYSE
BABA,NYSE
NHI,NYSE
DKNG,NASDAQ
OEF,NYSEARCA
TTD,NASDAQ
GFN,NASDAQ
EZU,CBOE
PBI,NYSE
MTH,NYSE
ESTE,NYSE
WWE,NYSE
FISK,NYSEARCA
PLM,NYSE
CQP,NYSE
CB,NYSE
BANR,NASDAQ
CSM,CBOE
KTF,NYSE
SRLN,NYSEARCA
PCN,NYSE
VIGI,NASDAQ
CHD,NYSE
MATW,NASDAQ
FDIS,NYSEARCA
TY,NYSE
PCTY,NASDAQ
TCP,NYSE
BGT,NYSE
NSL,NYSE
WD,NYSE
MATX,NYSE
DFJ,NYSEARCA
SP,NASDAQ
EDU,NYSE
ITM,NYSEARCA
CAT,NYSE
FSP,NYSE
BND,NASDAQ
ISTB,NASDAQ
ECHO,NASDAQ
ACM,NYSE
SMLP,NYSE
EZA,NYSEARCA
AMX,NYSE
WPM,NYSE
CAKE,NASDAQ
CSIQ,NASDAQ
MSTR,NASDAQ
ORLY,NASDAQ
WK,NYSE
AVAL,NYSE
EDC,NYSEARCA
PRFT,NASDAQ
AVYA,NYSE
AXAS,NASDAQ
NRK,NYSE
FFIN,NASDAQ
HMTV,NASDAQ
CEQP,NYSE
CHA,NYSE
ROG,NYSE
GFF,NYSE
CNDT,NYSE
DPZ,NYSE
TDIV,NASDAQ
AG,NYSE
CWI,NYSEARCA
FDT,NASDAQ
ATMP,NYSEARCA
MERC,NASDAQ
IAGG,CBOE
SMPL,NASDAQ
GRC,NYSE
FFC,NYSE
MPWR,NASDAQ
JNJ,NYSE
EFX,NYSE
ATTO,NYSE
UTL,NYSE
IEUR,NYSEARCA
RM,NYSE
ATUS,NYSE
GUT,NYSE
USMC,NASDAQ
SBGI,NASDAQ
IVE,NYSEARCA
CPT,NYSE
HL,NYSE
PKW,NASDAQ
PTON,NASDAQ
FORR,NASDAQ
PLT,NYSE
WSFS,NASDAQ
UIS,NYSE
MRLN,NASDAQ
IBB,NASDAQ
EPM,NYSE
CEVA,NASDAQ
BJRI,NASDAQ
AMRC,NYSE
Y,NYSE
SBOW,NYSE
MYN,NYSE
UHAL,NASDAQ
IWO,NYSEARCA
HQY,NASDAQ
TER,NYSE
RXI,NYSEARCA
NEV,NYSE
LXRX,NASDAQ
SVRA,NASDAQ
FELE,NASDAQ
GEL,NYSE
WPG,NYSE
QEP,NYSE
NVTA,NYSE
XPH,NYSEARCA
AVD,NYSE
FNX,NASDAQ
EVTC,NYSE
CPRT,NASDAQ
SUPN,NASDAQ
IYZ,CBOE
IIIN,NASDAQ
RBBN,NASDAQ
CASY,NASDAQ
RYF,NYSEARCA
TBBK,NASDAQ
CMP,NYSE
SHO,NYSE
CMD,NYSE
GF,NYSE
NTB,NYSE
WIFI,NASDAQ
NCNA,NASDAQ
WES,NYSE
EDD,NYSE
O,NYSE
GDO,NYSE
SDS,NYSEARCA
PTI,NASDAQ
PCQ,NYSE
WIRE,NASDAQ
NUAN,NASDAQ
SIGI,NASDAQ
PSCH,NASDAQ
HDS,NASDAQ
VALU,NASDAQ
FRME,NASDAQ
FNY,NASDAQ
ASGN,NYSE
VTWO,NASDAQ
SYX,NYSE
BEP,NYSE
OLLI,NASDAQ
DLTH,NASDAQ
PSX,NYSE
RDUS,NASDAQ
SCHM,NYSEARCA
PLAY,NASDAQ
BRK.A,NYSE
LIN,NYSE
CDE,NYSE
VRIG,NASDAQ
HXL,NYSE
JWN,NYSE
MSCI,NYSE
GTS,NYSE
LJPC,NASDAQ
PKOH,NASDAQ
TXRH,NASDAQ
VSTO,NYSE
PPL,NYSE
DVN,NYSE
WDC,NASDAQ
MTZ,NYSE
DOC,NYSE
TOTL,NYSEARCA
LYB,NYSE
SPB,NYSE
TMQ,NYSE
RWT,NYSE
AMJ,NYSEARCA
APA,NYSE
LNG,NYSE
GSIE,NYSEARCA
FORTY,NASDAQ
TM,NYSE
BIP,NYSE
ZEAL,NASDAQ
LM,NYSE
GPK,NYSE
M,NYSE
STZ,NYSE
LNTH,NASDAQ
MNR,NYSE
PXD,NYSE
HLIT,NASDAQ
NEM,NYSE
MXIM,NASDAQ
TYL,NYSE
QNST,NASDAQ
IJR,NYSEARCA
CIGI,NASDAQ
SBR,NYSE
SLCT,NASDAQ
SCI,NYSE
XOM,NYSE
SWIR,NASDAQ
OMF,NYSE
OCUL,NASDAQ
ZUMZ,NASDAQ
GGN,NYSE
NAT,NYSE
ELS,NYSE
CSWI,NASDAQ
SNN,NYSE
DOL,NYSEARCA
PEP,NASDAQ
VCTR,NASDAQ
TAST,NASDAQ
CERS,NASDAQ
IHG,NYSE
CECE,NASDAQ
HII,NYSE
NWLI,NASDAQ
EFA,NYSEARCA
KFY,NYSE
ARAY,NASDAQ
PH,NYSE
EME,NYSE
CPB,NYSE
CGNX,NASDAQ
NML,NYSE
BCO,NYSE
VIOV,NYSEARCA
WYNN,NASDAQ
JKI,NASDAQ
ACNB,NASDAQ
JPI,NYSE
ITW,NYSE
CHKP,NASDAQ
SA,NYSE
IVOG,NYSEARCA
ADES,NASDAQ
